/*
SQLyog Ultimate v8.32 
MySQL - 5.5.36 : Database - legendary-shop-db
*********************************************************************
*/
/*!40101 SET NAMES utf8 */;

/*!40101 SET SQL_MODE=''*/;

/*!40014 SET @OLD_UNIQUE_CHECKS=@@UNIQUE_CHECKS, UNIQUE_CHECKS=0 */;
/*!40014 SET @OLD_FOREIGN_KEY_CHECKS=@@FOREIGN_KEY_CHECKS, FOREIGN_KEY_CHECKS=0 */;
/*!40101 SET @OLD_SQL_MODE=@@SQL_MODE, SQL_MODE='NO_AUTO_VALUE_ON_ZERO' */;
/*!40111 SET @OLD_SQL_NOTES=@@SQL_NOTES, SQL_NOTES=0 */;
CREATE DATABASE /*!32312 IF NOT EXISTS*/`legendary-shop-db` /*!40100 DEFAULT CHARACTER SET utf8 */;

USE `legendary-shop-db`;

/*Table structure for table `address` */

DROP TABLE IF EXISTS `address`;

CREATE TABLE `address` (
  `aid` int(11) NOT NULL AUTO_INCREMENT,
  `meid` int(11) DEFAULT NULL,
  `addressinfo` varchar(255) DEFAULT NULL,
  `receivername` varchar(20) DEFAULT NULL,
  `receiverphone` varchar(20) DEFAULT NULL,
  `defaddress` int(11) DEFAULT NULL,
  PRIMARY KEY (`aid`)
) ENGINE=InnoDB AUTO_INCREMENT=14 DEFAULT CHARSET=utf8;

/*Data for the table `address` */

insert  into `address`(`aid`,`meid`,`addressinfo`,`receivername`,`receiverphone`,`defaddress`) values (1,2,'666','啦啦啦','1502053',1),(2,2,'321\r\n','宇','15076053',0),(3,2,'123','123','123',0),(5,2,'123','123','123',0),(6,2,'123','123','123',0),(7,2,'321','321','321',0),(8,0,'','','',0),(9,123,'123','123','123',0),(13,1,'123','123','123',0);

/*Table structure for table `admins` */

DROP TABLE IF EXISTS `admins`;

CREATE TABLE `admins` (
  `aid` int(11) NOT NULL AUTO_INCREMENT,
  `rid` int(11) DEFAULT NULL,
  `username` varchar(20) DEFAULT NULL,
  `passwd` varchar(20) DEFAULT NULL,
  `realname` varchar(20) DEFAULT NULL,
  `gender` varchar(10) DEFAULT NULL,
  `phone` varchar(20) DEFAULT NULL,
  `Email` varchar(20) DEFAULT NULL,
  `remark` varchar(255) DEFAULT NULL,
  `lastDate` datetime DEFAULT NULL,
  `createDate` datetime DEFAULT NULL,
  PRIMARY KEY (`aid`)
) ENGINE=InnoDB AUTO_INCREMENT=317 DEFAULT CHARSET=utf8;

/*Data for the table `admins` */

insert  into `admins`(`aid`,`rid`,`username`,`passwd`,`realname`,`gender`,`phone`,`Email`,`remark`,`lastDate`,`createDate`) values (316,209,'qwe','123','qwe','1','123','qwe@qq.com','123',NULL,NULL);

/*Table structure for table `catalogs` */

DROP TABLE IF EXISTS `catalogs`;

CREATE TABLE `catalogs` (
  `cid` int(11) NOT NULL AUTO_INCREMENT,
  `catalogName` varchar(20) DEFAULT NULL,
  `sortld` int(11) DEFAULT NULL,
  `remark` varchar(100) DEFAULT NULL,
  PRIMARY KEY (`cid`)
) ENGINE=InnoDB AUTO_INCREMENT=110 DEFAULT CHARSET=utf8;

/*Data for the table `catalogs` */

insert  into `catalogs`(`cid`,`catalogName`,`sortld`,`remark`) values (105,'教育',1,'教育书籍'),(106,'小说',2,'123'),(108,'文艺',2,'文艺书籍'),(109,'人文社科',1,'人文社科');

/*Table structure for table `comments` */

DROP TABLE IF EXISTS `comments`;

CREATE TABLE `comments` (
  `cid` int(11) NOT NULL AUTO_INCREMENT,
  `meid` int(11) DEFAULT NULL,
  `gid` int(11) DEFAULT NULL,
  `info` varchar(255) DEFAULT NULL,
  `rank` int(11) DEFAULT NULL,
  PRIMARY KEY (`cid`)
) ENGINE=InnoDB AUTO_INCREMENT=9 DEFAULT CHARSET=utf8;

/*Data for the table `comments` */

insert  into `comments`(`cid`,`meid`,`gid`,`info`,`rank`) values (1,1,213,'123',1),(2,1,216,'123',1),(3,1,216,'123',1),(4,1,216,'666',1),(5,1,216,'good!',2),(6,1,219,'123',1),(7,1,218,'321',1),(8,1,218,'123',1);

/*Table structure for table `goods` */

DROP TABLE IF EXISTS `goods`;

CREATE TABLE `goods` (
  `gid` int(11) NOT NULL AUTO_INCREMENT,
  `gname` varchar(20) DEFAULT NULL,
  `detail` varchar(255) DEFAULT NULL,
  `keyword` varchar(255) DEFAULT NULL,
  `state` int(11) DEFAULT NULL,
  `shelves` int(11) DEFAULT NULL,
  `sales` int(11) DEFAULT NULL,
  PRIMARY KEY (`gid`)
) ENGINE=InnoDB AUTO_INCREMENT=221 DEFAULT CHARSET=utf8;

/*Data for the table `goods` */

insert  into `goods`(`gid`,`gname`,`detail`,`keyword`,`state`,`shelves`,`sales`) values (216,'大学物理','大学物理','初中,教材,',1,1,6),(217,'初中语文','123','初中,教材,',123,123,0),(218,'中国历史','中国历史','中国史,历史,中国历史,中国历史',1,1,8),(219,'冰与火之歌','123','中国当代小说,小说,冰与火之歌,123',1,1,4),(220,'他改变了中国','123','政治人物,传记,',123,1,0);

/*Table structure for table `goodsdetail` */

DROP TABLE IF EXISTS `goodsdetail`;

CREATE TABLE `goodsdetail` (
  `gdid` int(11) NOT NULL AUTO_INCREMENT,
  `specdetail` varchar(255) DEFAULT NULL,
  `purchPrice` decimal(10,2) DEFAULT NULL,
  `sellPrice` decimal(10,2) DEFAULT NULL,
  `marketPrice` decimal(10,2) DEFAULT NULL,
  `number` int(11) DEFAULT NULL,
  `gid` int(11) DEFAULT NULL,
  `pid` varchar(20) DEFAULT NULL,
  PRIMARY KEY (`gdid`)
) ENGINE=InnoDB AUTO_INCREMENT=36 DEFAULT CHARSET=utf8;

/*Data for the table `goodsdetail` */

insert  into `goodsdetail`(`gdid`,`specdetail`,`purchPrice`,`sellPrice`,`marketPrice`,`number`,`gid`,`pid`) values (28,'精装,1994,清华大学,阳','123.00','123.00','123.00',123,216,'1531207566247'),(29,'非精装,1994,清华大学,李丹阳','123.00','123.00','123.00',123,217,'1531207621122'),(30,'非精装,1992,北京大学,阳','123.00','123.00','123.00',123,218,'1531209936678'),(34,'非精装,1992,清华大学,阳','123.00','123.00','123.00',123,219,'1531226173423'),(35,'精装,1994,清华大学,阳','321.00','321.00','321.00',123,220,'1531227096832');

/*Table structure for table `logs` */

DROP TABLE IF EXISTS `logs`;

CREATE TABLE `logs` (
  `id` int(11) NOT NULL AUTO_INCREMENT,
  `operateType` int(11) DEFAULT NULL,
  `content` varchar(255) DEFAULT NULL,
  `operateDate` date DEFAULT NULL,
  `uid` int(11) DEFAULT NULL,
  PRIMARY KEY (`id`)
) ENGINE=InnoDB AUTO_INCREMENT=1131 DEFAULT CHARSET=utf8;

/*Data for the table `logs` */

insert  into `logs`(`id`,`operateType`,`content`,`operateDate`,`uid`) values (1,0,'XXX登录','2018-06-24',1),(2,0,'hehe登录成功','2018-06-24',2),(3,0,'hehe登录成功','2018-06-24',2),(4,0,'hehe登录成功','2018-06-24',2),(5,0,'hehe登录成功','2018-06-24',2),(6,0,'hehe登录成功','2018-06-24',2),(7,0,'hehe登录成功','2018-06-25',2),(8,0,'hehe登录成功','2018-06-25',2),(9,0,'hehe登录成功','2018-06-25',2),(10,0,'hehe登录成功','2018-06-25',2),(11,0,'hehe登录成功','2018-06-26',2),(12,0,'hehe登录成功','2018-06-26',2),(13,0,'hehe登录成功','2018-06-26',2),(14,0,'hehe登录成功','2018-06-26',2),(15,0,'hehe登录成功','2018-06-26',2),(16,0,'hehe登录成功','2018-06-26',2),(17,0,'hehe登录成功','2018-06-28',2),(18,1,'用户:1执行了添加货物操作,在2018-07-01 16:35:32','2018-07-01',1),(19,4,'用户:312执行了查询货物操作,在2018-07-01 16:49:05','2018-07-01',312),(20,4,'用户:312执行了查询规格操作,在2018-07-01 16:49:31','2018-07-01',312),(21,1,'用户:312执行了添加货物详情操作,在2018-07-01 16:57:02','2018-07-01',312),(22,4,'用户:312执行了查询货物详情操作,在2018-07-01 16:57:02','2018-07-01',312),(23,4,'用户:312执行了查询用户操作,在2018-07-01 17:04:33','2018-07-01',312),(24,4,'用户:312执行了查询用户操作,在2018-07-01 17:05:04','2018-07-01',312),(25,4,'用户:312执行了查询用户操作,在2018-07-01 17:07:34','2018-07-01',312),(26,4,'用户:312执行了查询用户操作,在2018-07-01 17:08:20','2018-07-01',312),(27,4,'用户:312执行了查询用户操作,在2018-07-01 17:09:33','2018-07-01',312),(28,4,'用户:312执行了查询用户操作,在2018-07-01 20:58:30','2018-07-01',312),(29,4,'用户:312执行了查询用户操作,在2018-07-01 20:59:25','2018-07-01',312),(30,4,'用户:312执行了查询用户操作,在2018-07-01 20:59:55','2018-07-01',312),(31,4,'用户:312执行了查询用户操作,在2018-07-01 21:00:05','2018-07-01',312),(32,4,'用户:312执行了查询用户操作,在2018-07-01 21:01:41','2018-07-01',312),(33,4,'用户:312执行了查询用户操作,在2018-07-01 21:01:44','2018-07-01',312),(34,4,'用户:312执行了查询用户操作,在2018-07-01 21:02:34','2018-07-01',312),(35,4,'用户:312执行了查询用户操作,在2018-07-01 21:03:08','2018-07-01',312),(36,4,'用户:312执行了查询用户操作,在2018-07-01 21:03:17','2018-07-01',312),(37,4,'用户:312执行了查询用户操作,在2018-07-01 21:09:52','2018-07-01',312),(38,4,'用户:312执行了查询用户操作,在2018-07-01 21:19:13','2018-07-01',312),(39,4,'用户:312执行了查询货物操作,在2018-07-01 21:22:59','2018-07-01',312),(40,4,'用户:312执行了查询规格操作,在2018-07-01 21:24:55','2018-07-01',312),(41,4,'用户:312执行了查询规格详情操作,在2018-07-01 21:24:59','2018-07-01',312),(42,4,'用户:312执行了查询货物操作,在2018-07-01 21:25:46','2018-07-01',312),(43,4,'用户:312执行了查询货物详情操作,在2018-07-01 21:25:48','2018-07-01',312),(44,4,'用户:312执行了查询规格操作,在2018-07-01 21:26:32','2018-07-01',312),(45,4,'用户:312执行了查询货物操作,在2018-07-01 21:26:33','2018-07-01',312),(46,4,'用户:312执行了查询货物详情操作,在2018-07-01 21:26:35','2018-07-01',312),(47,4,'用户:312执行了查询货物操作,在2018-07-01 21:26:40','2018-07-01',312),(48,4,'用户:312执行了查询规格操作,在2018-07-01 21:26:50','2018-07-01',312),(49,4,'用户:312执行了查询货物操作,在2018-07-01 21:26:52','2018-07-01',312),(50,4,'用户:312执行了查询货物详情操作,在2018-07-01 21:26:54','2018-07-01',312),(51,4,'用户:312执行了查询规格操作,在2018-07-01 21:29:37','2018-07-01',312),(52,4,'用户:312执行了查询货物操作,在2018-07-01 21:29:38','2018-07-01',312),(53,4,'用户:312执行了查询货物详情操作,在2018-07-01 21:29:42','2018-07-01',312),(54,4,'用户:312执行了查询货物操作,在2018-07-01 21:34:35','2018-07-01',312),(55,4,'用户:312执行了查询规格操作,在2018-07-01 21:34:36','2018-07-01',312),(56,4,'用户:312执行了查询货物操作,在2018-07-01 21:34:39','2018-07-01',312),(57,4,'用户:312执行了查询货物详情操作,在2018-07-01 21:34:42','2018-07-01',312),(58,4,'用户:312执行了查询规格操作,在2018-07-01 21:34:48','2018-07-01',312),(59,4,'用户:312执行了查询规格详情操作,在2018-07-01 21:34:50','2018-07-01',312),(60,4,'用户:312执行了查询规格操作,在2018-07-01 21:34:52','2018-07-01',312),(61,4,'用户:312执行了查询货物操作,在2018-07-01 21:34:53','2018-07-01',312),(62,4,'用户:312执行了查询货物详情操作,在2018-07-01 21:34:54','2018-07-01',312),(63,4,'用户:312执行了查询货物操作,在2018-07-01 21:36:14','2018-07-01',312),(64,4,'用户:312执行了查询货物详情操作,在2018-07-01 21:36:15','2018-07-01',312),(65,4,'用户:312执行了查询规格操作,在2018-07-01 21:36:25','2018-07-01',312),(66,4,'用户:312执行了查询货物操作,在2018-07-01 21:36:26','2018-07-01',312),(67,4,'用户:312执行了查询货物详情操作,在2018-07-01 21:36:27','2018-07-01',312),(68,4,'用户:312执行了查询货物操作,在2018-07-01 21:41:37','2018-07-01',312),(69,4,'用户:312执行了查询货物详情操作,在2018-07-01 21:41:38','2018-07-01',312),(70,4,'用户:312执行了查询货物操作,在2018-07-01 21:43:29','2018-07-01',312),(71,4,'用户:312执行了查询货物详情操作,在2018-07-01 21:43:30','2018-07-01',312),(72,4,'用户:312执行了查询货物操作,在2018-07-01 21:44:17','2018-07-01',312),(73,4,'用户:312执行了查询货物详情操作,在2018-07-01 21:44:18','2018-07-01',312),(74,4,'用户:312执行了查询货物操作,在2018-07-01 21:44:39','2018-07-01',312),(75,4,'用户:312执行了查询货物详情操作,在2018-07-01 21:45:35','2018-07-01',312),(76,4,'用户:312执行了查询货物操作,在2018-07-01 21:46:19','2018-07-01',312),(77,4,'用户:312执行了查询货物详情操作,在2018-07-01 21:46:50','2018-07-01',312),(78,4,'用户:312执行了查询货物操作,在2018-07-01 21:51:43','2018-07-01',312),(79,4,'用户:312执行了查询货物详情操作,在2018-07-01 21:51:45','2018-07-01',312),(80,4,'用户:312执行了查询货物操作,在2018-07-01 21:52:18','2018-07-01',312),(81,4,'用户:312执行了查询货物详情操作,在2018-07-01 21:52:19','2018-07-01',312),(82,4,'用户:312执行了查询货物操作,在2018-07-01 21:53:44','2018-07-01',312),(83,4,'用户:312执行了查询货物详情操作,在2018-07-01 21:53:46','2018-07-01',312),(84,4,'用户:312执行了查询货物操作,在2018-07-01 21:54:37','2018-07-01',312),(85,4,'用户:312执行了查询货物详情操作,在2018-07-01 21:54:38','2018-07-01',312),(86,4,'用户:312执行了查询货物操作,在2018-07-01 21:55:31','2018-07-01',312),(87,4,'用户:312执行了查询货物详情操作,在2018-07-01 21:55:32','2018-07-01',312),(88,4,'用户:312执行了查询货物操作,在2018-07-01 21:56:11','2018-07-01',312),(89,4,'用户:312执行了查询货物详情操作,在2018-07-01 21:56:13','2018-07-01',312),(90,4,'用户:312执行了查询货物操作,在2018-07-01 21:57:30','2018-07-01',312),(91,4,'用户:312执行了查询货物详情操作,在2018-07-01 21:57:31','2018-07-01',312),(92,4,'用户:312执行了查询货物操作,在2018-07-01 21:57:45','2018-07-01',312),(93,4,'用户:312执行了查询货物详情操作,在2018-07-01 21:57:47','2018-07-01',312),(94,4,'用户:312执行了查询货物操作,在2018-07-01 22:02:22','2018-07-01',312),(95,4,'用户:312执行了查询货物详情操作,在2018-07-01 22:02:23','2018-07-01',312),(96,4,'用户:312执行了查询分类操作,在2018-07-01 22:02:25','2018-07-01',312),(97,4,'用户:312执行了查询规格操作,在2018-07-01 22:02:26','2018-07-01',312),(98,4,'用户:312执行了查询货物操作,在2018-07-01 22:02:27','2018-07-01',312),(99,4,'用户:312执行了查询货物详情操作,在2018-07-01 22:02:28','2018-07-01',312),(100,4,'用户:312执行了查询货物操作,在2018-07-01 22:02:29','2018-07-01',312),(101,4,'用户:312执行了查询货物操作,在2018-07-01 22:02:31','2018-07-01',312),(102,4,'用户:312执行了查询货物详情操作,在2018-07-01 22:02:33','2018-07-01',312),(103,4,'用户:312执行了查询货物操作,在2018-07-01 22:02:43','2018-07-01',312),(104,4,'用户:312执行了查询货物详情操作,在2018-07-01 22:02:44','2018-07-01',312),(105,4,'用户:312执行了查询货物操作,在2018-07-01 22:02:49','2018-07-01',312),(106,4,'用户:312执行了查询货物详情操作,在2018-07-01 22:02:50','2018-07-01',312),(107,4,'用户:312执行了查询货物操作,在2018-07-01 22:02:54','2018-07-01',312),(108,4,'用户:312执行了查询规格操作,在2018-07-01 22:02:56','2018-07-01',312),(109,4,'用户:312执行了查询货物操作,在2018-07-01 22:02:57','2018-07-01',312),(110,4,'用户:312执行了查询货物详情操作,在2018-07-01 22:03:12','2018-07-01',312),(111,4,'用户:312执行了查询货物操作,在2018-07-01 22:06:26','2018-07-01',312),(112,4,'用户:312执行了查询货物详情操作,在2018-07-01 22:06:27','2018-07-01',312),(113,4,'用户:312执行了查询货物操作,在2018-07-01 22:07:29','2018-07-01',312),(114,4,'用户:312执行了查询货物详情操作,在2018-07-01 22:07:30','2018-07-01',312),(115,4,'用户:312执行了查询货物操作,在2018-07-01 22:10:57','2018-07-01',312),(116,4,'用户:312执行了查询货物详情操作,在2018-07-01 22:10:58','2018-07-01',312),(117,4,'用户:312执行了查询货物操作,在2018-07-01 22:11:51','2018-07-01',312),(118,4,'用户:312执行了查询货物详情操作,在2018-07-01 22:11:53','2018-07-01',312),(119,4,'用户:312执行了查询货物操作,在2018-07-01 22:12:03','2018-07-01',312),(120,4,'用户:312执行了查询货物详情操作,在2018-07-01 22:12:04','2018-07-01',312),(121,4,'用户:312执行了查询货物操作,在2018-07-01 22:12:28','2018-07-01',312),(122,4,'用户:312执行了查询货物详情操作,在2018-07-01 22:12:29','2018-07-01',312),(123,4,'用户:312执行了查询货物操作,在2018-07-01 22:13:16','2018-07-01',312),(124,4,'用户:312执行了查询货物详情操作,在2018-07-01 22:13:17','2018-07-01',312),(125,4,'用户:312执行了查询货物操作,在2018-07-01 22:14:35','2018-07-01',312),(126,4,'用户:312执行了查询货物详情操作,在2018-07-01 22:14:36','2018-07-01',312),(127,4,'用户:312执行了查询货物操作,在2018-07-01 22:20:42','2018-07-01',312),(128,4,'用户:312执行了查询货物详情操作,在2018-07-01 22:20:45','2018-07-01',312),(129,4,'用户:312执行了查询货物操作,在2018-07-01 22:20:56','2018-07-01',312),(130,4,'用户:312执行了查询货物详情操作,在2018-07-01 22:20:59','2018-07-01',312),(131,4,'用户:312执行了查询货物操作,在2018-07-01 22:27:11','2018-07-01',312),(132,4,'用户:312执行了查询货物详情操作,在2018-07-01 22:27:12','2018-07-01',312),(133,4,'用户:312执行了查询货物操作,在2018-07-02 08:29:13','2018-07-02',312),(134,4,'用户:312执行了查询货物详情操作,在2018-07-02 08:29:15','2018-07-02',312),(135,4,'用户:312执行了查询货物操作,在2018-07-02 08:30:06','2018-07-02',312),(136,4,'用户:312执行了查询货物详情操作,在2018-07-02 08:30:07','2018-07-02',312),(137,4,'用户:312执行了查询货物操作,在2018-07-02 08:30:09','2018-07-02',312),(138,4,'用户:312执行了查询货物操作,在2018-07-02 08:30:12','2018-07-02',312),(139,4,'用户:312执行了查询货物详情操作,在2018-07-02 08:30:14','2018-07-02',312),(140,4,'用户:312执行了查询货物操作,在2018-07-02 08:30:20','2018-07-02',312),(141,4,'用户:312执行了查询货物详情操作,在2018-07-02 08:30:23','2018-07-02',312),(142,4,'用户:312执行了查询货物操作,在2018-07-02 08:30:25','2018-07-02',312),(143,4,'用户:312执行了查询货物详情操作,在2018-07-02 08:30:27','2018-07-02',312),(144,4,'用户:312执行了查询货物操作,在2018-07-02 08:47:24','2018-07-02',312),(145,4,'用户:312执行了查询货物详情操作,在2018-07-02 08:47:26','2018-07-02',312),(146,4,'用户:312执行了查询货物操作,在2018-07-02 08:50:43','2018-07-02',312),(147,4,'用户:312执行了查询货物详情操作,在2018-07-02 08:50:45','2018-07-02',312),(148,4,'用户:312执行了查询货物操作,在2018-07-02 08:51:05','2018-07-02',312),(149,4,'用户:312执行了查询货物详情操作,在2018-07-02 08:51:06','2018-07-02',312),(150,4,'用户:312执行了查询货物操作,在2018-07-02 09:09:09','2018-07-02',312),(151,4,'用户:312执行了查询货物详情操作,在2018-07-02 09:09:10','2018-07-02',312),(152,4,'用户:312执行了查询货物操作,在2018-07-02 09:09:15','2018-07-02',312),(153,4,'用户:312执行了查询货物操作,在2018-07-02 09:12:48','2018-07-02',312),(154,4,'用户:312执行了查询分类操作,在2018-07-02 09:13:26','2018-07-02',312),(155,4,'用户:312执行了查询货物操作,在2018-07-02 09:13:42','2018-07-02',312),(156,4,'用户:312执行了查询货物操作,在2018-07-02 09:13:51','2018-07-02',312),(157,4,'用户:312执行了查询货物操作,在2018-07-02 09:14:12','2018-07-02',312),(158,4,'用户:312执行了查询分类操作,在2018-07-02 09:14:49','2018-07-02',312),(159,4,'用户:312执行了查询货物操作,在2018-07-02 09:14:54','2018-07-02',312),(160,4,'用户:312执行了查询分类操作,在2018-07-02 09:14:57','2018-07-02',312),(161,4,'用户:312执行了查询货物操作,在2018-07-02 09:16:47','2018-07-02',312),(162,4,'用户:312执行了查询货物操作,在2018-07-02 09:16:53','2018-07-02',312),(163,4,'用户:312执行了查询货物操作,在2018-07-02 10:09:46','2018-07-02',312),(164,4,'用户:312执行了查询用户操作,在2018-07-02 10:22:15','2018-07-02',312),(165,4,'用户:312执行了查询货物操作,在2018-07-02 10:22:17','2018-07-02',312),(166,4,'用户:312执行了查询货物详情操作,在2018-07-02 10:22:21','2018-07-02',312),(167,4,'用户:312执行了查询货物操作,在2018-07-02 10:24:26','2018-07-02',312),(168,4,'用户:312执行了查询货物详情操作,在2018-07-02 10:24:27','2018-07-02',312),(169,4,'用户:312执行了查询货物操作,在2018-07-02 10:27:28','2018-07-02',312),(170,4,'用户:312执行了查询货物详情操作,在2018-07-02 10:27:30','2018-07-02',312),(171,4,'用户:312执行了查询货物操作,在2018-07-02 10:28:45','2018-07-02',312),(172,4,'用户:312执行了查询货物详情操作,在2018-07-02 10:28:46','2018-07-02',312),(173,4,'用户:312执行了查询货物操作,在2018-07-02 11:05:02','2018-07-02',312),(174,4,'用户:312执行了查询货物详情操作,在2018-07-02 11:05:03','2018-07-02',312),(175,4,'用户:312执行了查询货物操作,在2018-07-02 11:05:38','2018-07-02',312),(176,4,'用户:312执行了查询货物详情操作,在2018-07-02 11:05:42','2018-07-02',312),(177,4,'用户:312执行了查询货物操作,在2018-07-02 11:07:30','2018-07-02',312),(178,4,'用户:312执行了查询货物操作,在2018-07-02 11:09:30','2018-07-02',312),(179,4,'用户:312执行了查询货物操作,在2018-07-02 11:09:39','2018-07-02',312),(180,4,'用户:312执行了查询货物操作,在2018-07-02 11:13:28','2018-07-02',312),(181,4,'用户:312执行了查询货物操作,在2018-07-02 11:14:08','2018-07-02',312),(182,4,'用户:312执行了查询货物操作,在2018-07-02 11:27:02','2018-07-02',312),(183,4,'用户:312执行了查询货物详情操作,在2018-07-02 11:27:03','2018-07-02',312),(184,4,'用户:312执行了查询货物操作,在2018-07-02 11:27:39','2018-07-02',312),(185,4,'用户:312执行了查询货物操作,在2018-07-02 11:28:33','2018-07-02',312),(186,4,'用户:312执行了查询货物操作,在2018-07-02 11:29:11','2018-07-02',312),(187,4,'用户:312执行了查询货物操作,在2018-07-02 12:37:33','2018-07-02',312),(188,4,'用户:312执行了查询货物操作,在2018-07-02 13:13:50','2018-07-02',312),(189,4,'用户:312执行了查询货物详情操作,在2018-07-02 13:13:54','2018-07-02',312),(190,4,'用户:312执行了查询货物操作,在2018-07-02 13:34:45','2018-07-02',312),(191,4,'用户:312执行了查询货物详情操作,在2018-07-02 13:34:47','2018-07-02',312),(192,4,'用户:312执行了查询货物操作,在2018-07-02 13:49:53','2018-07-02',312),(193,4,'用户:312执行了查询货物详情操作,在2018-07-02 13:49:54','2018-07-02',312),(194,4,'用户:312执行了查询货物操作,在2018-07-02 13:51:52','2018-07-02',312),(195,4,'用户:312执行了查询货物详情操作,在2018-07-02 13:51:54','2018-07-02',312),(196,4,'用户:312执行了查询货物操作,在2018-07-02 13:56:51','2018-07-02',312),(197,4,'用户:312执行了查询货物详情操作,在2018-07-02 13:56:54','2018-07-02',312),(198,4,'用户:312执行了查询货物操作,在2018-07-02 14:04:37','2018-07-02',312),(199,4,'用户:312执行了查询货物详情操作,在2018-07-02 14:04:39','2018-07-02',312),(200,4,'用户:312执行了查询货物操作,在2018-07-02 14:05:25','2018-07-02',312),(201,4,'用户:312执行了查询规格操作,在2018-07-02 14:05:49','2018-07-02',312),(202,4,'用户:312执行了查询货物操作,在2018-07-02 14:05:51','2018-07-02',312),(203,4,'用户:312执行了查询货物详情操作,在2018-07-02 14:05:54','2018-07-02',312),(204,4,'用户:312执行了查询货物操作,在2018-07-02 14:15:22','2018-07-02',312),(205,4,'用户:312执行了查询货物详情操作,在2018-07-02 14:15:52','2018-07-02',312),(206,4,'用户:312执行了查询货物操作,在2018-07-02 14:16:17','2018-07-02',312),(207,4,'用户:312执行了查询货物详情操作,在2018-07-02 14:16:20','2018-07-02',312),(208,4,'用户:312执行了查询货物操作,在2018-07-02 14:16:22','2018-07-02',312),(209,4,'用户:312执行了查询货物详情操作,在2018-07-02 14:16:24','2018-07-02',312),(210,4,'用户:312执行了查询货物操作,在2018-07-02 14:16:25','2018-07-02',312),(211,4,'用户:312执行了查询货物详情操作,在2018-07-02 14:16:27','2018-07-02',312),(212,4,'用户:312执行了查询货物操作,在2018-07-02 14:16:32','2018-07-02',312),(213,4,'用户:312执行了查询货物详情操作,在2018-07-02 14:16:34','2018-07-02',312),(214,4,'用户:312执行了查询货物操作,在2018-07-02 14:16:37','2018-07-02',312),(215,4,'用户:312执行了查询货物操作,在2018-07-02 14:38:07','2018-07-02',312),(216,4,'用户:312执行了查询货物详情操作,在2018-07-02 14:38:09','2018-07-02',312),(217,4,'用户:312执行了查询用户操作,在2018-07-02 14:39:45','2018-07-02',312),(218,4,'用户:312执行了查询用户操作,在2018-07-02 14:44:18','2018-07-02',312),(219,4,'用户:312执行了查询用户操作,在2018-07-02 14:44:23','2018-07-02',312),(220,2,'用户:312执行了删除用户操作,在2018-07-02 14:44:25','2018-07-02',312),(221,4,'用户:312执行了查询用户操作,在2018-07-02 14:44:25','2018-07-02',312),(222,4,'用户:312执行了查询用户操作,在2018-07-02 14:44:38','2018-07-02',312),(223,4,'用户:312执行了查询用户操作,在2018-07-02 14:44:40','2018-07-02',312),(224,4,'用户:312执行了查询用户操作,在2018-07-02 14:44:41','2018-07-02',312),(225,4,'用户:312执行了查询用户操作,在2018-07-02 14:44:42','2018-07-02',312),(226,4,'用户:312执行了查询用户操作,在2018-07-02 14:44:44','2018-07-02',312),(227,4,'用户:312执行了查询用户操作,在2018-07-02 14:44:44','2018-07-02',312),(228,4,'用户:312执行了查询用户操作,在2018-07-02 14:44:44','2018-07-02',312),(229,4,'用户:312执行了查询用户操作,在2018-07-02 14:44:44','2018-07-02',312),(230,4,'用户:312执行了查询用户操作,在2018-07-02 14:44:45','2018-07-02',312),(231,4,'用户:312执行了查询用户操作,在2018-07-02 14:44:46','2018-07-02',312),(232,4,'用户:312执行了查询用户操作,在2018-07-02 14:44:46','2018-07-02',312),(233,4,'用户:312执行了查询用户操作,在2018-07-02 14:44:47','2018-07-02',312),(234,4,'用户:312执行了查询用户操作,在2018-07-02 14:44:49','2018-07-02',312),(235,4,'用户:312执行了查询用户操作,在2018-07-02 14:44:50','2018-07-02',312),(236,4,'用户:312执行了查询用户操作,在2018-07-02 14:44:50','2018-07-02',312),(237,4,'用户:312执行了查询用户操作,在2018-07-02 14:44:52','2018-07-02',312),(238,4,'用户:312执行了查询用户操作,在2018-07-02 14:46:29','2018-07-02',312),(239,4,'用户:312执行了查询用户操作,在2018-07-02 14:46:31','2018-07-02',312),(240,4,'用户:312执行了查询用户操作,在2018-07-02 14:46:33','2018-07-02',312),(241,4,'用户:312执行了查询用户操作,在2018-07-02 14:46:34','2018-07-02',312),(242,4,'用户:312执行了查询用户操作,在2018-07-02 14:46:35','2018-07-02',312),(243,4,'用户:312执行了查询用户操作,在2018-07-02 14:46:36','2018-07-02',312),(244,4,'用户:312执行了查询用户操作,在2018-07-02 14:46:39','2018-07-02',312),(245,4,'用户:312执行了查询用户操作,在2018-07-02 14:46:40','2018-07-02',312),(246,4,'用户:312执行了查询用户操作,在2018-07-02 14:46:56','2018-07-02',312),(247,4,'用户:312执行了查询用户操作,在2018-07-02 14:46:57','2018-07-02',312),(248,4,'用户:312执行了查询用户操作,在2018-07-02 14:46:58','2018-07-02',312),(249,4,'用户:312执行了查询用户操作,在2018-07-02 14:46:58','2018-07-02',312),(250,4,'用户:312执行了查询用户操作,在2018-07-02 14:46:58','2018-07-02',312),(251,4,'用户:312执行了查询用户操作,在2018-07-02 14:46:58','2018-07-02',312),(252,4,'用户:312执行了查询用户操作,在2018-07-02 14:46:59','2018-07-02',312),(253,4,'用户:312执行了查询用户操作,在2018-07-02 14:47:01','2018-07-02',312),(254,4,'用户:312执行了查询角色操作,在2018-07-02 14:47:04','2018-07-02',312),(255,4,'用户:312执行了查询规格操作,在2018-07-02 14:47:22','2018-07-02',312),(256,4,'用户:312执行了查询货物操作,在2018-07-02 14:47:23','2018-07-02',312),(257,4,'用户:312执行了查询货物操作,在2018-07-02 14:47:24','2018-07-02',312),(258,4,'用户:312执行了查询货物操作,在2018-07-02 14:47:25','2018-07-02',312),(259,4,'用户:312执行了查询规格操作,在2018-07-02 14:47:27','2018-07-02',312),(260,4,'用户:312执行了查询分类操作,在2018-07-02 14:47:27','2018-07-02',312),(261,4,'用户:312执行了查询货物操作,在2018-07-02 14:47:31','2018-07-02',312),(262,4,'用户:312执行了查询规格操作,在2018-07-02 14:47:32','2018-07-02',312),(263,4,'用户:312执行了查询分类操作,在2018-07-02 14:47:38','2018-07-02',312),(264,4,'用户:312执行了查询货物操作,在2018-07-02 14:48:01','2018-07-02',312),(265,4,'用户:312执行了查询货物详情操作,在2018-07-02 14:48:02','2018-07-02',312),(266,4,'用户:312执行了查询货物操作,在2018-07-02 14:48:05','2018-07-02',312),(267,4,'用户:312执行了查询货物详情操作,在2018-07-02 14:56:57','2018-07-02',312),(268,4,'用户:312执行了查询货物操作,在2018-07-02 14:57:22','2018-07-02',312),(269,4,'用户:312执行了查询货物详情操作,在2018-07-02 14:57:23','2018-07-02',312),(270,4,'用户:312执行了查询货物操作,在2018-07-02 14:59:33','2018-07-02',312),(271,4,'用户:312执行了查询货物详情操作,在2018-07-02 14:59:34','2018-07-02',312),(272,4,'用户:312执行了查询货物操作,在2018-07-02 15:00:27','2018-07-02',312),(273,4,'用户:312执行了查询货物详情操作,在2018-07-02 15:00:28','2018-07-02',312),(274,4,'用户:312执行了查询货物操作,在2018-07-02 15:03:26','2018-07-02',312),(275,4,'用户:312执行了查询货物详情操作,在2018-07-02 15:03:27','2018-07-02',312),(276,1,'用户:312执行了添加货物详情操作,在2018-07-02 15:03:37','2018-07-02',312),(277,4,'用户:312执行了查询货物详情操作,在2018-07-02 15:03:37','2018-07-02',312),(278,1,'用户:312执行了添加货物详情操作,在2018-07-02 15:05:11','2018-07-02',312),(279,4,'用户:312执行了查询货物详情操作,在2018-07-02 15:05:11','2018-07-02',312),(280,4,'用户:312执行了查询货物操作,在2018-07-02 15:05:36','2018-07-02',312),(281,4,'用户:312执行了查询货物详情操作,在2018-07-02 15:05:38','2018-07-02',312),(282,1,'用户:312执行了添加货物详情操作,在2018-07-02 15:05:48','2018-07-02',312),(283,4,'用户:312执行了查询货物详情操作,在2018-07-02 15:05:48','2018-07-02',312),(284,1,'用户:312执行了添加货物详情操作,在2018-07-02 15:06:36','2018-07-02',312),(285,4,'用户:312执行了查询货物详情操作,在2018-07-02 15:06:36','2018-07-02',312),(286,4,'用户:312执行了查询货物操作,在2018-07-02 15:06:44','2018-07-02',312),(287,4,'用户:312执行了查询货物详情操作,在2018-07-02 15:06:46','2018-07-02',312),(288,4,'用户:312执行了查询货物操作,在2018-07-02 15:19:19','2018-07-02',312),(289,1,'用户:312执行了添加货物详情操作,在2018-07-02 15:19:32','2018-07-02',312),(290,4,'用户:312执行了查询货物详情操作,在2018-07-02 15:19:32','2018-07-02',312),(291,4,'用户:312执行了查询货物操作,在2018-07-02 15:20:56','2018-07-02',312),(292,4,'用户:312执行了查询货物详情操作,在2018-07-02 15:20:57','2018-07-02',312),(293,2,'用户:312执行了删除货物详情操作,在2018-07-02 15:21:02','2018-07-02',312),(294,4,'用户:312执行了查询货物详情操作,在2018-07-02 15:21:02','2018-07-02',312),(295,2,'用户:312执行了删除货物详情操作,在2018-07-02 15:21:02','2018-07-02',312),(296,4,'用户:312执行了查询货物详情操作,在2018-07-02 15:21:02','2018-07-02',312),(297,4,'用户:312执行了查询货物操作,在2018-07-02 15:22:08','2018-07-02',312),(298,4,'用户:312执行了查询货物详情操作,在2018-07-02 15:22:09','2018-07-02',312),(299,1,'用户:312执行了添加货物详情操作,在2018-07-02 15:22:36','2018-07-02',312),(300,4,'用户:312执行了查询货物详情操作,在2018-07-02 15:22:36','2018-07-02',312),(301,4,'用户:312执行了查询货物操作,在2018-07-02 15:24:14','2018-07-02',312),(302,4,'用户:312执行了查询货物详情操作,在2018-07-02 15:24:15','2018-07-02',312),(303,2,'用户:312执行了删除货物详情操作,在2018-07-02 15:24:17','2018-07-02',312),(304,4,'用户:312执行了查询货物详情操作,在2018-07-02 15:24:17','2018-07-02',312),(305,2,'用户:312执行了删除货物详情操作,在2018-07-02 15:24:18','2018-07-02',312),(306,4,'用户:312执行了查询货物详情操作,在2018-07-02 15:24:18','2018-07-02',312),(307,2,'用户:312执行了删除货物详情操作,在2018-07-02 15:24:18','2018-07-02',312),(308,4,'用户:312执行了查询货物详情操作,在2018-07-02 15:24:18','2018-07-02',312),(309,2,'用户:312执行了删除货物详情操作,在2018-07-02 15:24:18','2018-07-02',312),(310,4,'用户:312执行了查询货物详情操作,在2018-07-02 15:24:18','2018-07-02',312),(311,1,'用户:312执行了添加货物详情操作,在2018-07-02 15:24:29','2018-07-02',312),(312,4,'用户:312执行了查询货物详情操作,在2018-07-02 15:24:29','2018-07-02',312),(313,4,'用户:312执行了查询货物操作,在2018-07-02 15:26:54','2018-07-02',312),(314,4,'用户:312执行了查询货物详情操作,在2018-07-02 15:26:55','2018-07-02',312),(315,2,'用户:312执行了删除货物详情操作,在2018-07-02 15:26:57','2018-07-02',312),(316,4,'用户:312执行了查询货物详情操作,在2018-07-02 15:26:57','2018-07-02',312),(317,2,'用户:312执行了删除货物详情操作,在2018-07-02 15:26:58','2018-07-02',312),(318,4,'用户:312执行了查询货物详情操作,在2018-07-02 15:26:58','2018-07-02',312),(319,1,'用户:312执行了添加货物详情操作,在2018-07-02 15:27:09','2018-07-02',312),(320,4,'用户:312执行了查询货物详情操作,在2018-07-02 15:27:09','2018-07-02',312),(321,4,'用户:312执行了查询货物操作,在2018-07-02 15:27:13','2018-07-02',312),(322,4,'用户:312执行了查询货物详情操作,在2018-07-02 15:27:20','2018-07-02',312),(323,4,'用户:312执行了查询货物操作,在2018-07-02 15:32:53','2018-07-02',312),(324,4,'用户:312执行了查询货物详情操作,在2018-07-02 15:32:54','2018-07-02',312),(325,4,'用户:312执行了查询货物详情操作,在2018-07-02 15:33:05','2018-07-02',312),(326,4,'用户:312执行了查询货物操作,在2018-07-02 15:41:03','2018-07-02',312),(327,4,'用户:312执行了查询货物详情操作,在2018-07-02 15:41:08','2018-07-02',312),(328,4,'用户:312执行了查询货物操作,在2018-07-02 15:41:50','2018-07-02',312),(329,4,'用户:312执行了查询货物详情操作,在2018-07-02 15:41:54','2018-07-02',312),(330,2,'用户:312执行了删除货物详情操作,在2018-07-02 15:41:55','2018-07-02',312),(331,4,'用户:312执行了查询货物详情操作,在2018-07-02 15:41:55','2018-07-02',312),(332,1,'用户:312执行了添加货物详情操作,在2018-07-02 15:42:03','2018-07-02',312),(333,4,'用户:312执行了查询货物详情操作,在2018-07-02 15:42:03','2018-07-02',312),(334,4,'用户:312执行了查询货物操作,在2018-07-02 15:42:06','2018-07-02',312),(335,4,'用户:312执行了查询货物详情操作,在2018-07-02 15:42:07','2018-07-02',312),(336,4,'用户:312执行了查询货物操作,在2018-07-02 15:42:41','2018-07-02',312),(337,4,'用户:312执行了查询货物详情操作,在2018-07-02 15:42:43','2018-07-02',312),(338,4,'用户:312执行了查询货物操作,在2018-07-02 15:43:31','2018-07-02',312),(339,4,'用户:312执行了查询货物详情操作,在2018-07-02 15:43:34','2018-07-02',312),(340,4,'用户:312执行了查询货物操作,在2018-07-02 15:48:28','2018-07-02',312),(341,4,'用户:312执行了查询货物详情操作,在2018-07-02 15:48:30','2018-07-02',312),(342,4,'用户:312执行了查询货物操作,在2018-07-02 15:48:36','2018-07-02',312),(343,4,'用户:312执行了查询货物详情操作,在2018-07-02 15:48:38','2018-07-02',312),(344,2,'用户:312执行了删除货物详情操作,在2018-07-02 15:48:41','2018-07-02',312),(345,4,'用户:312执行了查询货物详情操作,在2018-07-02 15:48:41','2018-07-02',312),(346,1,'用户:312执行了添加货物详情操作,在2018-07-02 15:48:52','2018-07-02',312),(347,4,'用户:312执行了查询货物详情操作,在2018-07-02 15:48:52','2018-07-02',312),(348,4,'用户:312执行了查询货物操作,在2018-07-02 15:49:09','2018-07-02',312),(349,4,'用户:312执行了查询货物详情操作,在2018-07-02 15:49:10','2018-07-02',312),(350,4,'用户:312执行了查询货物操作,在2018-07-02 16:07:41','2018-07-02',312),(351,4,'用户:312执行了查询货物详情操作,在2018-07-02 16:07:43','2018-07-02',312),(352,4,'用户:312执行了查询规格操作,在2018-07-02 16:08:14','2018-07-02',312),(353,4,'用户:312执行了查询货物操作,在2018-07-02 16:08:15','2018-07-02',312),(354,4,'用户:312执行了查询货物详情操作,在2018-07-02 16:08:16','2018-07-02',312),(355,4,'用户:312执行了查询规格操作,在2018-07-02 16:17:08','2018-07-02',312),(356,4,'用户:312执行了查询货物操作,在2018-07-02 16:17:10','2018-07-02',312),(357,4,'用户:312执行了查询货物详情操作,在2018-07-02 16:17:11','2018-07-02',312),(358,4,'用户:312执行了查询货物操作,在2018-07-02 16:17:31','2018-07-02',312),(359,4,'用户:312执行了查询规格操作,在2018-07-02 16:17:32','2018-07-02',312),(360,4,'用户:312执行了查询货物操作,在2018-07-02 16:17:34','2018-07-02',312),(361,4,'用户:312执行了查询货物详情操作,在2018-07-02 16:17:58','2018-07-02',312),(362,4,'用户:312执行了查询规格操作,在2018-07-02 16:21:48','2018-07-02',312),(363,4,'用户:312执行了查询货物操作,在2018-07-02 16:21:49','2018-07-02',312),(364,4,'用户:312执行了查询货物详情操作,在2018-07-02 16:21:51','2018-07-02',312),(365,4,'用户:312执行了查询货物操作,在2018-07-02 16:24:18','2018-07-02',312),(366,4,'用户:312执行了查询货物详情操作,在2018-07-02 16:24:19','2018-07-02',312),(367,4,'用户:312执行了查询货物操作,在2018-07-02 16:24:50','2018-07-02',312),(368,4,'用户:312执行了查询货物详情操作,在2018-07-02 16:24:51','2018-07-02',312),(369,4,'用户:312执行了查询货物操作,在2018-07-02 16:29:41','2018-07-02',312),(370,4,'用户:312执行了查询货物详情操作,在2018-07-02 16:29:42','2018-07-02',312),(371,4,'用户:312执行了查询货物操作,在2018-07-02 16:29:53','2018-07-02',312),(372,4,'用户:312执行了查询货物详情操作,在2018-07-02 16:29:54','2018-07-02',312),(373,4,'用户:312执行了查询货物操作,在2018-07-02 16:30:09','2018-07-02',312),(374,4,'用户:312执行了查询货物详情操作,在2018-07-02 16:30:10','2018-07-02',312),(375,4,'用户:312执行了查询货物操作,在2018-07-02 16:31:05','2018-07-02',312),(376,4,'用户:312执行了查询货物详情操作,在2018-07-02 16:31:07','2018-07-02',312),(377,4,'用户:312执行了查询货物操作,在2018-07-02 16:33:18','2018-07-02',312),(378,4,'用户:312执行了查询货物详情操作,在2018-07-02 16:33:20','2018-07-02',312),(379,4,'用户:312执行了查询货物操作,在2018-07-02 16:34:40','2018-07-02',312),(380,4,'用户:312执行了查询货物详情操作,在2018-07-02 16:34:41','2018-07-02',312),(381,4,'用户:312执行了查询货物操作,在2018-07-02 16:42:07','2018-07-02',312),(382,4,'用户:312执行了查询货物详情操作,在2018-07-02 16:42:08','2018-07-02',312),(383,4,'用户:312执行了查询货物操作,在2018-07-02 16:42:23','2018-07-02',312),(384,4,'用户:312执行了查询货物详情操作,在2018-07-02 16:42:24','2018-07-02',312),(385,4,'用户:312执行了查询规格操作,在2018-07-02 16:42:38','2018-07-02',312),(386,4,'用户:312执行了查询货物操作,在2018-07-02 16:42:39','2018-07-02',312),(387,4,'用户:312执行了查询货物详情操作,在2018-07-02 16:42:40','2018-07-02',312),(388,4,'用户:312执行了查询货物操作,在2018-07-02 16:48:29','2018-07-02',312),(389,4,'用户:312执行了查询货物详情操作,在2018-07-02 16:48:30','2018-07-02',312),(390,4,'用户:312执行了查询货物操作,在2018-07-02 16:49:41','2018-07-02',312),(391,4,'用户:312执行了查询货物详情操作,在2018-07-02 16:49:42','2018-07-02',312),(392,4,'用户:312执行了查询货物操作,在2018-07-02 16:50:46','2018-07-02',312),(393,4,'用户:312执行了查询规格操作,在2018-07-02 16:50:47','2018-07-02',312),(394,4,'用户:312执行了查询货物操作,在2018-07-02 16:50:47','2018-07-02',312),(395,4,'用户:312执行了查询货物详情操作,在2018-07-02 16:50:48','2018-07-02',312),(396,4,'用户:312执行了查询货物操作,在2018-07-02 19:23:10','2018-07-02',312),(397,4,'用户:312执行了查询货物详情操作,在2018-07-02 19:23:11','2018-07-02',312),(398,4,'用户:312执行了查询货物详情操作,在2018-07-02 19:24:52','2018-07-02',312),(399,4,'用户:312执行了查询货物操作,在2018-07-02 19:25:04','2018-07-02',312),(400,4,'用户:312执行了查询货物详情操作,在2018-07-02 19:25:08','2018-07-02',312),(401,4,'用户:312执行了查询货物详情操作,在2018-07-02 19:25:24','2018-07-02',312),(402,4,'用户:312执行了查询货物详情操作,在2018-07-02 19:25:39','2018-07-02',312),(403,4,'用户:312执行了查询货物操作,在2018-07-02 19:25:49','2018-07-02',312),(404,4,'用户:312执行了查询货物详情操作,在2018-07-02 19:25:50','2018-07-02',312),(405,4,'用户:312执行了查询货物操作,在2018-07-02 19:31:22','2018-07-02',312),(406,4,'用户:312执行了查询货物操作,在2018-07-02 19:33:57','2018-07-02',312),(407,4,'用户:312执行了查询货物操作,在2018-07-02 19:35:02','2018-07-02',312),(408,4,'用户:312执行了查询货物详情操作,在2018-07-02 19:35:03','2018-07-02',312),(409,4,'用户:312执行了查询货物操作,在2018-07-02 19:39:44','2018-07-02',312),(410,4,'用户:312执行了查询货物详情操作,在2018-07-02 19:39:45','2018-07-02',312),(411,4,'用户:312执行了查询货物操作,在2018-07-02 19:46:26','2018-07-02',312),(412,4,'用户:312执行了查询货物详情操作,在2018-07-02 19:46:27','2018-07-02',312),(413,4,'用户:312执行了查询货物操作,在2018-07-02 19:47:11','2018-07-02',312),(414,4,'用户:312执行了查询货物详情操作,在2018-07-02 19:47:12','2018-07-02',312),(415,4,'用户:312执行了查询货物操作,在2018-07-02 19:48:32','2018-07-02',312),(416,4,'用户:312执行了查询货物详情操作,在2018-07-02 19:48:34','2018-07-02',312),(417,4,'用户:312执行了查询货物详情操作,在2018-07-02 19:48:38','2018-07-02',312),(418,4,'用户:312执行了查询货物详情操作,在2018-07-02 19:49:23','2018-07-02',312),(419,4,'用户:312执行了查询货物操作,在2018-07-02 19:51:13','2018-07-02',312),(420,4,'用户:312执行了查询货物详情操作,在2018-07-02 19:51:15','2018-07-02',312),(421,4,'用户:312执行了查询货物操作,在2018-07-02 19:51:29','2018-07-02',312),(422,4,'用户:312执行了查询货物详情操作,在2018-07-02 19:51:30','2018-07-02',312),(423,4,'用户:312执行了查询货物操作,在2018-07-02 19:53:40','2018-07-02',312),(424,4,'用户:312执行了查询货物详情操作,在2018-07-02 19:53:40','2018-07-02',312),(425,4,'用户:312执行了查询货物操作,在2018-07-02 19:54:02','2018-07-02',312),(426,4,'用户:312执行了查询规格操作,在2018-07-02 19:54:09','2018-07-02',312),(427,4,'用户:312执行了查询货物操作,在2018-07-02 19:54:10','2018-07-02',312),(428,4,'用户:312执行了查询货物详情操作,在2018-07-02 19:54:11','2018-07-02',312),(429,4,'用户:312执行了查询货物操作,在2018-07-02 19:59:50','2018-07-02',312),(430,4,'用户:312执行了查询货物详情操作,在2018-07-02 19:59:51','2018-07-02',312),(431,4,'用户:312执行了查询货物操作,在2018-07-02 20:00:14','2018-07-02',312),(432,4,'用户:312执行了查询货物详情操作,在2018-07-02 20:00:15','2018-07-02',312),(433,4,'用户:312执行了查询货物操作,在2018-07-02 20:10:46','2018-07-02',312),(434,4,'用户:312执行了查询货物详情操作,在2018-07-02 20:10:48','2018-07-02',312),(435,4,'用户:312执行了查询货物操作,在2018-07-02 20:11:29','2018-07-02',312),(436,4,'用户:312执行了查询货物详情操作,在2018-07-02 20:11:30','2018-07-02',312),(437,4,'用户:312执行了查询货物操作,在2018-07-02 20:11:33','2018-07-02',312),(438,4,'用户:312执行了查询货物操作,在2018-07-02 20:17:43','2018-07-02',312),(439,4,'用户:312执行了查询货物详情操作,在2018-07-02 20:17:44','2018-07-02',312),(440,4,'用户:312执行了查询货物操作,在2018-07-02 20:18:17','2018-07-02',312),(441,4,'用户:312执行了查询货物详情操作,在2018-07-02 20:18:18','2018-07-02',312),(442,4,'用户:312执行了查询货物操作,在2018-07-02 20:19:24','2018-07-02',312),(443,4,'用户:312执行了查询货物详情操作,在2018-07-02 20:19:26','2018-07-02',312),(444,4,'用户:312执行了查询货物操作,在2018-07-02 20:20:34','2018-07-02',312),(445,4,'用户:312执行了查询货物详情操作,在2018-07-02 20:20:36','2018-07-02',312),(446,4,'用户:312执行了查询货物操作,在2018-07-02 20:21:48','2018-07-02',312),(447,4,'用户:312执行了查询货物详情操作,在2018-07-02 20:21:49','2018-07-02',312),(448,4,'用户:312执行了查询货物操作,在2018-07-02 20:22:11','2018-07-02',312),(449,4,'用户:312执行了查询货物详情操作,在2018-07-02 20:22:12','2018-07-02',312),(450,4,'用户:312执行了查询货物操作,在2018-07-02 20:24:15','2018-07-02',312),(451,4,'用户:312执行了查询货物详情操作,在2018-07-02 20:24:17','2018-07-02',312),(452,4,'用户:312执行了查询货物操作,在2018-07-02 20:27:12','2018-07-02',312),(453,4,'用户:312执行了查询货物详情操作,在2018-07-02 20:27:13','2018-07-02',312),(454,4,'用户:312执行了查询用户操作,在2018-07-02 20:28:12','2018-07-02',312),(455,4,'用户:312执行了查询货物操作,在2018-07-02 20:28:14','2018-07-02',312),(456,4,'用户:312执行了查询货物详情操作,在2018-07-02 20:28:15','2018-07-02',312),(457,4,'用户:312执行了查询货物操作,在2018-07-02 20:38:41','2018-07-02',312),(458,4,'用户:312执行了查询货物详情操作,在2018-07-02 20:38:42','2018-07-02',312),(459,4,'用户:312执行了查询货物操作,在2018-07-02 20:42:25','2018-07-02',312),(460,4,'用户:312执行了查询货物详情操作,在2018-07-02 20:42:27','2018-07-02',312),(461,4,'用户:312执行了查询货物操作,在2018-07-02 20:45:54','2018-07-02',312),(462,4,'用户:312执行了查询货物详情操作,在2018-07-02 20:45:55','2018-07-02',312),(463,4,'用户:312执行了查询货物操作,在2018-07-02 20:46:44','2018-07-02',312),(464,4,'用户:312执行了查询货物详情操作,在2018-07-02 20:46:46','2018-07-02',312),(465,4,'用户:312执行了查询货物操作,在2018-07-02 20:47:27','2018-07-02',312),(466,4,'用户:312执行了查询货物详情操作,在2018-07-02 20:47:29','2018-07-02',312),(467,4,'用户:312执行了查询货物操作,在2018-07-02 20:48:57','2018-07-02',312),(468,4,'用户:312执行了查询货物详情操作,在2018-07-02 20:49:01','2018-07-02',312),(469,4,'用户:312执行了查询货物操作,在2018-07-02 20:51:50','2018-07-02',312),(470,4,'用户:312执行了查询货物操作,在2018-07-02 20:52:09','2018-07-02',312),(471,4,'用户:312执行了查询货物详情操作,在2018-07-02 20:52:10','2018-07-02',312),(472,4,'用户:312执行了查询货物详情操作,在2018-07-02 20:52:45','2018-07-02',312),(473,4,'用户:312执行了查询用户操作,在2018-07-02 20:53:03','2018-07-02',312),(474,4,'用户:312执行了查询用户操作,在2018-07-02 20:54:10','2018-07-02',312),(475,4,'用户:312执行了查询货物操作,在2018-07-02 20:54:12','2018-07-02',312),(476,4,'用户:312执行了查询货物详情操作,在2018-07-02 20:54:13','2018-07-02',312),(477,4,'用户:312执行了查询货物操作,在2018-07-02 20:55:09','2018-07-02',312),(478,4,'用户:312执行了查询货物详情操作,在2018-07-02 20:55:10','2018-07-02',312),(479,4,'用户:312执行了查询规格操作,在2018-07-02 20:56:54','2018-07-02',312),(480,4,'用户:312执行了查询分类操作,在2018-07-02 20:57:02','2018-07-02',312),(481,4,'用户:312执行了查询货物操作,在2018-07-02 20:58:29','2018-07-02',312),(482,4,'用户:312执行了查询货物详情操作,在2018-07-02 20:58:30','2018-07-02',312),(483,4,'用户:312执行了查询货物详情操作,在2018-07-02 20:58:31','2018-07-02',312),(484,4,'用户:312执行了查询货物操作,在2018-07-02 21:02:02','2018-07-02',312),(485,4,'用户:312执行了查询货物详情操作,在2018-07-02 21:02:03','2018-07-02',312),(486,4,'用户:312执行了查询货物操作,在2018-07-02 21:03:22','2018-07-02',312),(487,4,'用户:312执行了查询货物详情操作,在2018-07-02 21:03:23','2018-07-02',312),(488,4,'用户:312执行了查询货物操作,在2018-07-02 21:03:51','2018-07-02',312),(489,4,'用户:312执行了查询货物详情操作,在2018-07-02 21:03:52','2018-07-02',312),(490,4,'用户:312执行了查询货物操作,在2018-07-02 21:04:06','2018-07-02',312),(491,4,'用户:312执行了查询货物详情操作,在2018-07-02 21:04:07','2018-07-02',312),(492,4,'用户:312执行了查询货物操作,在2018-07-02 21:04:23','2018-07-02',312),(493,4,'用户:312执行了查询货物详情操作,在2018-07-02 21:04:24','2018-07-02',312),(494,4,'用户:312执行了查询货物操作,在2018-07-02 21:05:28','2018-07-02',312),(495,4,'用户:312执行了查询货物详情操作,在2018-07-02 21:05:29','2018-07-02',312),(496,4,'用户:312执行了查询货物详情操作,在2018-07-02 21:05:31','2018-07-02',312),(497,4,'用户:312执行了查询货物详情操作,在2018-07-02 21:07:28','2018-07-02',312),(498,4,'用户:312执行了查询货物操作,在2018-07-02 21:10:36','2018-07-02',312),(499,4,'用户:312执行了查询货物详情操作,在2018-07-02 21:10:37','2018-07-02',312),(500,4,'用户:312执行了查询货物操作,在2018-07-02 21:12:40','2018-07-02',312),(501,4,'用户:312执行了查询货物详情操作,在2018-07-02 21:12:41','2018-07-02',312),(502,4,'用户:312执行了查询货物详情操作,在2018-07-02 21:12:43','2018-07-02',312),(503,4,'用户:312执行了查询货物操作,在2018-07-02 21:14:00','2018-07-02',312),(504,4,'用户:312执行了查询货物详情操作,在2018-07-02 21:14:01','2018-07-02',312),(505,4,'用户:312执行了查询货物详情操作,在2018-07-02 21:14:04','2018-07-02',312),(506,4,'用户:312执行了查询货物操作,在2018-07-02 21:24:54','2018-07-02',312),(507,4,'用户:312执行了查询货物详情操作,在2018-07-02 21:24:55','2018-07-02',312),(508,4,'用户:312执行了查询货物操作,在2018-07-02 21:27:22','2018-07-02',312),(509,4,'用户:312执行了查询货物详情操作,在2018-07-02 21:27:23','2018-07-02',312),(510,4,'用户:312执行了查询货物详情操作,在2018-07-02 21:27:27','2018-07-02',312),(511,4,'用户:312执行了查询货物详情操作,在2018-07-02 21:27:45','2018-07-02',312),(512,4,'用户:312执行了查询货物操作,在2018-07-02 21:34:02','2018-07-02',312),(513,4,'用户:312执行了查询货物详情操作,在2018-07-02 21:34:03','2018-07-02',312),(514,4,'用户:312执行了查询货物详情操作,在2018-07-02 21:34:04','2018-07-02',312),(515,4,'用户:312执行了查询货物操作,在2018-07-02 21:47:36','2018-07-02',312),(516,4,'用户:312执行了查询货物详情操作,在2018-07-02 21:47:39','2018-07-02',312),(517,4,'用户:312执行了查询货物详情操作,在2018-07-02 21:47:44','2018-07-02',312),(518,4,'用户:312执行了查询货物操作,在2018-07-02 21:49:48','2018-07-02',312),(519,4,'用户:312执行了查询货物详情操作,在2018-07-02 21:49:50','2018-07-02',312),(520,2,'用户:312执行了删除货物详情操作,在2018-07-02 21:49:54','2018-07-02',312),(521,4,'用户:312执行了查询货物详情操作,在2018-07-02 21:49:54','2018-07-02',312),(522,2,'用户:312执行了删除货物详情操作,在2018-07-02 21:49:54','2018-07-02',312),(523,4,'用户:312执行了查询货物详情操作,在2018-07-02 21:49:54','2018-07-02',312),(524,2,'用户:312执行了删除货物详情操作,在2018-07-02 21:49:55','2018-07-02',312),(525,4,'用户:312执行了查询货物详情操作,在2018-07-02 21:49:55','2018-07-02',312),(526,4,'用户:312执行了查询货物详情操作,在2018-07-02 21:50:03','2018-07-02',312),(527,4,'用户:312执行了查询货物详情操作,在2018-07-02 21:50:17','2018-07-02',312),(528,4,'用户:312执行了查询货物操作,在2018-07-02 21:50:28','2018-07-02',312),(529,4,'用户:312执行了查询货物详情操作,在2018-07-02 21:50:30','2018-07-02',312),(530,4,'用户:312执行了查询货物详情操作,在2018-07-02 21:50:40','2018-07-02',312),(531,4,'用户:312执行了查询货物详情操作,在2018-07-02 21:50:56','2018-07-02',312),(532,4,'用户:312执行了查询货物操作,在2018-07-02 21:51:13','2018-07-02',312),(533,4,'用户:312执行了查询货物详情操作,在2018-07-02 21:51:16','2018-07-02',312),(534,2,'用户:312执行了删除货物详情操作,在2018-07-02 21:51:20','2018-07-02',312),(535,4,'用户:312执行了查询货物详情操作,在2018-07-02 21:51:20','2018-07-02',312),(536,1,'用户:312执行了添加货物详情操作,在2018-07-02 21:51:40','2018-07-02',312),(537,4,'用户:312执行了查询货物详情操作,在2018-07-02 21:51:40','2018-07-02',312),(538,4,'用户:312执行了查询货物操作,在2018-07-02 21:51:43','2018-07-02',312),(539,4,'用户:312执行了查询货物详情操作,在2018-07-02 21:51:44','2018-07-02',312),(540,4,'用户:312执行了查询货物详情操作,在2018-07-02 21:51:55','2018-07-02',312),(541,4,'用户:312执行了查询货物详情操作,在2018-07-02 21:52:16','2018-07-02',312),(542,4,'用户:312执行了查询货物详情操作,在2018-07-02 21:52:39','2018-07-02',312),(543,4,'用户:312执行了查询货物操作,在2018-07-02 21:55:12','2018-07-02',312),(544,4,'用户:312执行了查询货物详情操作,在2018-07-02 21:55:14','2018-07-02',312),(545,4,'用户:312执行了查询货物详情操作,在2018-07-02 21:55:21','2018-07-02',312),(546,4,'用户:312执行了查询货物详情操作,在2018-07-02 21:55:34','2018-07-02',312),(547,4,'用户:312执行了查询货物操作,在2018-07-02 21:57:48','2018-07-02',312),(548,4,'用户:312执行了查询货物详情操作,在2018-07-02 21:57:50','2018-07-02',312),(549,4,'用户:312执行了查询货物详情操作,在2018-07-02 21:58:07','2018-07-02',312),(550,4,'用户:312执行了查询规格操作,在2018-07-02 21:59:42','2018-07-02',312),(551,4,'用户:312执行了查询货物操作,在2018-07-02 21:59:43','2018-07-02',312),(552,4,'用户:312执行了查询货物详情操作,在2018-07-02 21:59:44','2018-07-02',312),(553,4,'用户:312执行了查询货物详情操作,在2018-07-02 21:59:57','2018-07-02',312),(554,4,'用户:312执行了查询货物详情操作,在2018-07-02 22:00:03','2018-07-02',312),(555,4,'用户:312执行了查询货物详情操作,在2018-07-02 22:00:05','2018-07-02',312),(556,4,'用户:312执行了查询货物详情操作,在2018-07-02 22:00:34','2018-07-02',312),(557,4,'用户:312执行了查询货物详情操作,在2018-07-02 22:01:05','2018-07-02',312),(558,4,'用户:312执行了查询货物操作,在2018-07-02 22:01:19','2018-07-02',312),(559,4,'用户:312执行了查询货物详情操作,在2018-07-02 22:01:21','2018-07-02',312),(560,4,'用户:312执行了查询货物详情操作,在2018-07-02 22:01:28','2018-07-02',312),(561,4,'用户:312执行了查询货物详情操作,在2018-07-02 22:02:02','2018-07-02',312),(562,4,'用户:312执行了查询货物操作,在2018-07-02 22:03:11','2018-07-02',312),(563,4,'用户:312执行了查询货物详情操作,在2018-07-02 22:03:13','2018-07-02',312),(564,4,'用户:312执行了查询货物操作,在2018-07-02 22:04:04','2018-07-02',312),(565,4,'用户:312执行了查询货物详情操作,在2018-07-02 22:04:06','2018-07-02',312),(566,4,'用户:312执行了查询货物详情操作,在2018-07-02 22:04:17','2018-07-02',312),(567,4,'用户:312执行了查询货物详情操作,在2018-07-02 22:04:38','2018-07-02',312),(568,4,'用户:312执行了查询货物详情操作,在2018-07-02 22:04:57','2018-07-02',312),(569,4,'用户:312执行了查询货物详情操作,在2018-07-02 22:05:41','2018-07-02',312),(570,4,'用户:312执行了查询货物详情操作,在2018-07-02 22:05:48','2018-07-02',312),(571,4,'用户:312执行了查询货物操作,在2018-07-02 22:09:58','2018-07-02',312),(572,4,'用户:312执行了查询货物详情操作,在2018-07-02 22:10:04','2018-07-02',312),(573,4,'用户:312执行了查询货物详情操作,在2018-07-02 22:11:58','2018-07-02',312),(574,4,'用户:312执行了查询货物操作,在2018-07-02 22:12:00','2018-07-02',312),(575,4,'用户:312执行了查询货物详情操作,在2018-07-02 22:12:05','2018-07-02',312),(576,4,'用户:312执行了查询货物操作,在2018-07-02 22:16:21','2018-07-02',312),(577,4,'用户:312执行了查询货物详情操作,在2018-07-02 22:16:29','2018-07-02',312),(578,4,'用户:312执行了查询货物操作,在2018-07-02 22:16:52','2018-07-02',312),(579,4,'用户:312执行了查询货物详情操作,在2018-07-02 22:16:53','2018-07-02',312),(580,2,'用户:312执行了删除货物详情操作,在2018-07-02 22:16:56','2018-07-02',312),(581,4,'用户:312执行了查询货物详情操作,在2018-07-02 22:16:56','2018-07-02',312),(582,1,'用户:312执行了添加货物详情操作,在2018-07-02 22:17:09','2018-07-02',312),(583,4,'用户:312执行了查询货物详情操作,在2018-07-02 22:17:09','2018-07-02',312),(584,4,'用户:312执行了查询货物操作,在2018-07-02 22:17:10','2018-07-02',312),(585,4,'用户:312执行了查询货物详情操作,在2018-07-02 22:17:11','2018-07-02',312),(586,4,'用户:312执行了查询货物详情操作,在2018-07-02 22:17:23','2018-07-02',312),(587,4,'用户:312执行了查询货物详情操作,在2018-07-02 22:17:29','2018-07-02',312),(588,4,'用户:312执行了查询货物详情操作,在2018-07-02 22:17:46','2018-07-02',312),(589,4,'用户:312执行了查询货物详情操作,在2018-07-02 22:18:15','2018-07-02',312),(590,4,'用户:312执行了查询货物详情操作,在2018-07-02 22:18:32','2018-07-02',312),(591,4,'用户:312执行了查询货物操作,在2018-07-02 22:19:30','2018-07-02',312),(592,4,'用户:312执行了查询货物详情操作,在2018-07-02 22:19:37','2018-07-02',312),(593,4,'用户:312执行了查询货物操作,在2018-07-02 22:21:10','2018-07-02',312),(594,4,'用户:312执行了查询货物详情操作,在2018-07-02 22:21:11','2018-07-02',312),(595,4,'用户:312执行了查询货物详情操作,在2018-07-02 22:24:50','2018-07-02',312),(596,4,'用户:312执行了查询货物操作,在2018-07-02 22:32:27','2018-07-02',312),(597,4,'用户:312执行了查询货物详情操作,在2018-07-02 22:32:29','2018-07-02',312),(598,4,'用户:312执行了查询货物详情操作,在2018-07-02 22:32:36','2018-07-02',312),(599,4,'用户:312执行了查询货物操作,在2018-07-02 22:33:10','2018-07-02',312),(600,4,'用户:312执行了查询货物详情操作,在2018-07-02 22:33:11','2018-07-02',312),(601,4,'用户:312执行了查询货物详情操作,在2018-07-02 22:33:18','2018-07-02',312),(602,4,'用户:312执行了查询货物操作,在2018-07-02 22:33:49','2018-07-02',312),(603,4,'用户:312执行了查询货物详情操作,在2018-07-02 22:33:55','2018-07-02',312),(604,4,'用户:312执行了查询货物操作,在2018-07-02 22:36:53','2018-07-02',312),(605,4,'用户:312执行了查询货物详情操作,在2018-07-02 22:36:55','2018-07-02',312),(606,4,'用户:312执行了查询货物详情操作,在2018-07-02 22:37:02','2018-07-02',312),(607,4,'用户:312执行了查询货物操作,在2018-07-02 22:41:58','2018-07-02',312),(608,4,'用户:312执行了查询货物详情操作,在2018-07-02 22:42:00','2018-07-02',312),(609,4,'用户:312执行了查询货物操作,在2018-07-02 22:42:20','2018-07-02',312),(610,1,'用户:312执行了添加货物详情操作,在2018-07-02 22:42:33','2018-07-02',312),(611,4,'用户:312执行了查询货物详情操作,在2018-07-02 22:42:33','2018-07-02',312),(612,4,'用户:312执行了查询货物操作,在2018-07-02 22:42:36','2018-07-02',312),(613,4,'用户:312执行了查询货物详情操作,在2018-07-02 22:42:37','2018-07-02',312),(614,2,'用户:312执行了删除货物详情操作,在2018-07-02 22:42:41','2018-07-02',312),(615,4,'用户:312执行了查询货物详情操作,在2018-07-02 22:42:41','2018-07-02',312),(616,4,'用户:312执行了查询货物详情操作,在2018-07-02 22:42:51','2018-07-02',312),(617,4,'用户:312执行了查询货物详情操作,在2018-07-02 22:43:03','2018-07-02',312),(618,4,'用户:312执行了查询货物详情操作,在2018-07-02 22:43:15','2018-07-02',312),(619,4,'用户:312执行了查询货物详情操作,在2018-07-02 22:43:32','2018-07-02',312),(620,4,'用户:312执行了查询货物详情操作,在2018-07-02 22:43:39','2018-07-02',312),(621,4,'用户:312执行了查询货物详情操作,在2018-07-02 22:45:06','2018-07-02',312),(622,4,'用户:312执行了查询货物详情操作,在2018-07-02 22:45:49','2018-07-02',312),(623,4,'用户:312执行了查询货物详情操作,在2018-07-02 22:47:06','2018-07-02',312),(624,4,'用户:312执行了查询货物操作,在2018-07-02 22:48:29','2018-07-02',312),(625,4,'用户:312执行了查询货物操作,在2018-07-02 23:02:36','2018-07-02',312),(626,4,'用户:312执行了查询货物详情操作,在2018-07-02 23:02:38','2018-07-02',312),(627,4,'用户:312执行了查询货物操作,在2018-07-02 23:02:42','2018-07-02',312),(628,4,'用户:312执行了查询规格操作,在2018-07-02 23:11:00','2018-07-02',312),(629,4,'用户:312执行了查询货物操作,在2018-07-02 23:11:19','2018-07-02',312),(630,4,'用户:312执行了查询规格操作,在2018-07-02 23:11:21','2018-07-02',312),(631,4,'用户:312执行了查询分类操作,在2018-07-02 23:11:21','2018-07-02',312),(632,4,'用户:312执行了查询货物操作,在2018-07-02 23:14:14','2018-07-02',312),(633,4,'用户:312执行了查询货物操作,在2018-07-02 23:16:04','2018-07-02',312),(634,4,'用户:312执行了查询货物操作,在2018-07-02 23:16:08','2018-07-02',312),(635,4,'用户:312执行了查询货物操作,在2018-07-02 23:16:24','2018-07-02',312),(636,4,'用户:312执行了查询货物详情操作,在2018-07-02 23:16:25','2018-07-02',312),(637,4,'用户:312执行了查询货物详情操作,在2018-07-02 23:16:41','2018-07-02',312),(638,4,'用户:312执行了查询货物操作,在2018-07-02 23:17:56','2018-07-02',312),(639,4,'用户:312执行了查询货物操作,在2018-07-02 23:25:45','2018-07-02',312),(640,4,'用户:312执行了查询货物操作,在2018-07-02 23:25:56','2018-07-02',312),(641,1,'用户:312执行了添加货物详情操作,在2018-07-02 23:26:13','2018-07-02',312),(642,4,'用户:312执行了查询货物详情操作,在2018-07-02 23:26:13','2018-07-02',312),(643,4,'用户:312执行了查询货物详情操作,在2018-07-02 23:26:24','2018-07-02',312),(644,4,'用户:312执行了查询货物详情操作,在2018-07-02 23:26:27','2018-07-02',312),(645,4,'用户:312执行了查询货物操作,在2018-07-02 23:27:09','2018-07-02',312),(646,4,'用户:312执行了查询规格操作,在2018-07-02 23:27:11','2018-07-02',312),(647,4,'用户:312执行了查询分类操作,在2018-07-02 23:27:12','2018-07-02',312),(648,4,'用户:312执行了查询规格操作,在2018-07-02 23:27:16','2018-07-02',312),(649,4,'用户:312执行了查询分类操作,在2018-07-02 23:27:17','2018-07-02',312),(650,4,'用户:312执行了查询规格操作,在2018-07-02 23:27:17','2018-07-02',312),(651,4,'用户:312执行了查询货物操作,在2018-07-02 23:27:18','2018-07-02',312),(652,4,'用户:312执行了查询分类操作,在2018-07-03 14:11:31','2018-07-03',312),(653,4,'用户:312执行了查询子类操作,在2018-07-03 14:11:34','2018-07-03',312),(654,4,'用户:312执行了查询子类操作,在2018-07-03 14:11:43','2018-07-03',312),(655,4,'用户:312执行了查询子类操作,在2018-07-03 14:11:45','2018-07-03',312),(656,4,'用户:312执行了查询分类操作,在2018-07-03 14:11:48','2018-07-03',312),(657,4,'用户:312执行了查询子类操作,在2018-07-03 14:11:49','2018-07-03',312),(658,4,'用户:312执行了查询分类操作,在2018-07-03 14:11:52','2018-07-03',312),(659,1,'用户:312执行了添加子类操作,在2018-07-03 14:12:03','2018-07-03',312),(660,4,'用户:312执行了查询子类操作,在2018-07-03 14:12:03','2018-07-03',312),(661,4,'用户:312执行了查询分类操作,在2018-07-03 14:12:07','2018-07-03',312),(662,4,'用户:312执行了查询规格操作,在2018-07-03 14:20:22','2018-07-03',312),(663,4,'用户:312执行了查询规格详情操作,在2018-07-03 14:20:24','2018-07-03',312),(664,4,'用户:312执行了查询规格操作,在2018-07-03 14:20:26','2018-07-03',312),(665,1,'用户:312执行了添加规格详情操作,在2018-07-03 14:20:30','2018-07-03',312),(666,4,'用户:312执行了查询规格详情操作,在2018-07-03 14:20:30','2018-07-03',312),(667,4,'用户:312执行了查询货物操作,在2018-07-03 14:23:45','2018-07-03',312),(668,4,'用户:312执行了查询规格操作,在2018-07-03 14:23:47','2018-07-03',312),(669,4,'用户:312执行了查询规格详情操作,在2018-07-03 14:23:48','2018-07-03',312),(670,4,'用户:312执行了查询规格操作,在2018-07-03 14:23:49','2018-07-03',312),(671,4,'用户:312执行了查询规格详情操作,在2018-07-03 14:23:50','2018-07-03',312),(672,4,'用户:312执行了查询规格操作,在2018-07-03 14:23:52','2018-07-03',312),(673,4,'用户:312执行了查询规格详情操作,在2018-07-03 14:23:53','2018-07-03',312),(674,4,'用户:312执行了查询规格操作,在2018-07-03 14:23:55','2018-07-03',312),(675,4,'用户:312执行了查询规格详情操作,在2018-07-03 14:23:56','2018-07-03',312),(676,4,'用户:312执行了查询规格操作,在2018-07-03 14:23:58','2018-07-03',312),(677,4,'用户:312执行了查询规格详情操作,在2018-07-03 14:23:59','2018-07-03',312),(678,4,'用户:312执行了查询规格操作,在2018-07-03 14:24:00','2018-07-03',312),(679,4,'用户:312执行了查询规格详情操作,在2018-07-03 14:24:01','2018-07-03',312),(680,4,'用户:312执行了查询规格操作,在2018-07-03 14:24:02','2018-07-03',312),(681,4,'用户:312执行了查询货物操作,在2018-07-03 14:24:03','2018-07-03',312),(682,4,'用户:312执行了查询货物详情操作,在2018-07-03 14:24:06','2018-07-03',312),(683,4,'用户:312执行了查询规格操作,在2018-07-03 14:24:08','2018-07-03',312),(684,4,'用户:312执行了查询货物操作,在2018-07-03 14:24:09','2018-07-03',312),(685,4,'用户:312执行了查询货物详情操作,在2018-07-03 14:24:10','2018-07-03',312),(686,4,'用户:312执行了查询货物操作,在2018-07-03 14:24:11','2018-07-03',312),(687,1,'用户:312执行了添加货物详情操作,在2018-07-03 14:24:25','2018-07-03',312),(688,4,'用户:312执行了查询货物详情操作,在2018-07-03 14:24:25','2018-07-03',312),(689,4,'用户:312执行了查询货物操作,在2018-07-03 14:24:29','2018-07-03',312),(690,4,'用户:312执行了查询货物详情操作,在2018-07-03 14:24:30','2018-07-03',312),(691,4,'用户:312执行了查询货物操作,在2018-07-03 14:24:32','2018-07-03',312),(692,4,'用户:312执行了查询货物详情操作,在2018-07-03 14:24:33','2018-07-03',312),(693,4,'用户:312执行了查询货物操作,在2018-07-03 14:24:38','2018-07-03',312),(694,4,'用户:312执行了查询分类操作,在2018-07-03 14:24:41','2018-07-03',312),(695,4,'用户:312执行了查询子类操作,在2018-07-03 14:25:09','2018-07-03',312),(696,4,'用户:312执行了查询货物操作,在2018-07-03 14:28:07','2018-07-03',312),(697,4,'用户:312执行了查询分类操作,在2018-07-03 14:28:09','2018-07-03',312),(698,4,'用户:312执行了查询子类操作,在2018-07-03 14:28:10','2018-07-03',312),(699,4,'用户:312执行了查询分类操作,在2018-07-03 14:28:11','2018-07-03',312),(700,4,'用户:312执行了查询子类操作,在2018-07-03 14:28:12','2018-07-03',312),(701,4,'用户:312执行了查询分类操作,在2018-07-03 14:28:14','2018-07-03',312),(702,4,'用户:312执行了查询子类操作,在2018-07-03 14:28:35','2018-07-03',312),(703,1,'用户:312执行了添加规格详情操作,在2018-07-03 14:28:48','2018-07-03',312),(704,4,'用户:312执行了查询规格详情操作,在2018-07-03 14:28:48','2018-07-03',312),(705,4,'用户:312执行了查询分类操作,在2018-07-03 14:30:50','2018-07-03',312),(706,4,'用户:312执行了查询子类操作,在2018-07-03 14:30:52','2018-07-03',312),(707,4,'用户:312执行了查询规格操作,在2018-07-03 14:31:09','2018-07-03',312),(708,4,'用户:312执行了查询分类操作,在2018-07-03 14:31:45','2018-07-03',312),(709,4,'用户:312执行了查询货物操作,在2018-07-03 14:34:51','2018-07-03',312),(710,4,'用户:312执行了查询分类操作,在2018-07-03 14:34:53','2018-07-03',312),(711,4,'用户:312执行了查询子类操作,在2018-07-03 14:34:59','2018-07-03',312),(712,4,'用户:312执行了查询分类操作,在2018-07-03 14:35:00','2018-07-03',312),(713,4,'用户:312执行了查询规格操作,在2018-07-03 14:35:38','2018-07-03',312),(714,4,'用户:312执行了查询分类操作,在2018-07-03 14:35:39','2018-07-03',312),(715,1,'用户:312执行了添加规格详情操作,在2018-07-03 14:36:37','2018-07-03',312),(716,4,'用户:312执行了查询规格详情操作,在2018-07-03 14:36:37','2018-07-03',312),(717,4,'用户:312执行了查询分类操作,在2018-07-03 14:36:52','2018-07-03',312),(718,4,'用户:312执行了查询子类操作,在2018-07-03 14:36:54','2018-07-03',312),(719,4,'用户:312执行了查询分类操作,在2018-07-03 14:36:56','2018-07-03',312),(720,4,'用户:312执行了查询子类操作,在2018-07-03 14:36:57','2018-07-03',312),(721,1,'用户:312执行了添加规格详情操作,在2018-07-03 14:37:07','2018-07-03',312),(722,4,'用户:312执行了查询规格详情操作,在2018-07-03 14:37:07','2018-07-03',312),(723,4,'用户:312执行了查询规格操作,在2018-07-03 14:37:12','2018-07-03',312),(724,4,'用户:312执行了查询分类操作,在2018-07-03 14:37:14','2018-07-03',312),(725,4,'用户:312执行了查询子类操作,在2018-07-03 14:37:15','2018-07-03',312),(726,4,'用户:312执行了查询规格操作,在2018-07-03 14:37:18','2018-07-03',312),(727,4,'用户:312执行了查询分类操作,在2018-07-03 14:37:26','2018-07-03',312),(728,4,'用户:312执行了查询分类操作,在2018-07-03 14:38:45','2018-07-03',312),(729,4,'用户:312执行了查询分类操作,在2018-07-03 14:38:45','2018-07-03',312),(730,4,'用户:312执行了查询货物操作,在2018-07-03 14:39:52','2018-07-03',312),(731,4,'用户:312执行了查询分类操作,在2018-07-03 14:39:55','2018-07-03',312),(732,4,'用户:312执行了查询子类操作,在2018-07-03 14:40:01','2018-07-03',312),(733,4,'用户:312执行了查询分类操作,在2018-07-03 14:40:15','2018-07-03',312),(734,4,'用户:312执行了查询子类操作,在2018-07-03 14:40:21','2018-07-03',312),(735,4,'用户:312执行了查询分类操作,在2018-07-03 14:41:15','2018-07-03',312),(736,1,'用户:312执行了添加规格详情操作,在2018-07-03 14:41:43','2018-07-03',312),(737,4,'用户:312执行了查询规格详情操作,在2018-07-03 14:41:43','2018-07-03',312),(738,2,'用户:312执行了删除规格详情操作,在2018-07-03 14:41:45','2018-07-03',312),(739,4,'用户:312执行了查询规格详情操作,在2018-07-03 14:41:45','2018-07-03',312),(740,4,'用户:312执行了查询规格操作,在2018-07-03 14:41:52','2018-07-03',312),(741,4,'用户:312执行了查询分类操作,在2018-07-03 14:41:55','2018-07-03',312),(742,4,'用户:312执行了查询子类操作,在2018-07-03 14:41:56','2018-07-03',312),(743,4,'用户:312执行了查询货物操作,在2018-07-03 14:44:55','2018-07-03',312),(744,4,'用户:312执行了查询分类操作,在2018-07-03 14:44:56','2018-07-03',312),(745,4,'用户:312执行了查询子类操作,在2018-07-03 14:44:59','2018-07-03',312),(746,4,'用户:312执行了查询分类操作,在2018-07-03 14:45:03','2018-07-03',312),(747,1,'用户:312执行了添加规格详情操作,在2018-07-03 14:45:14','2018-07-03',312),(748,4,'用户:312执行了查询规格详情操作,在2018-07-03 14:45:14','2018-07-03',312),(749,4,'用户:312执行了查询分类操作,在2018-07-03 14:45:20','2018-07-03',312),(750,4,'用户:312执行了查询子类操作,在2018-07-03 14:45:22','2018-07-03',312),(751,4,'用户:312执行了查询规格操作,在2018-07-03 14:45:23','2018-07-03',312),(752,4,'用户:312执行了查询分类操作,在2018-07-03 14:45:24','2018-07-03',312),(753,4,'用户:312执行了查询分类操作,在2018-07-03 14:45:29','2018-07-03',312),(754,1,'用户:312执行了添加规格详情操作,在2018-07-03 14:45:40','2018-07-03',312),(755,4,'用户:312执行了查询规格详情操作,在2018-07-03 14:45:40','2018-07-03',312),(756,4,'用户:312执行了查询分类操作,在2018-07-03 14:46:32','2018-07-03',312),(757,4,'用户:312执行了查询子类操作,在2018-07-03 14:46:34','2018-07-03',312),(758,1,'用户:312执行了添加子类操作,在2018-07-03 14:46:42','2018-07-03',312),(759,4,'用户:312执行了查询子类操作,在2018-07-03 14:46:42','2018-07-03',312),(760,4,'用户:312执行了查询分类操作,在2018-07-03 14:46:45','2018-07-03',312),(761,1,'用户:312执行了添加子类操作,在2018-07-03 14:47:22','2018-07-03',312),(762,4,'用户:312执行了查询子类操作,在2018-07-03 14:47:22','2018-07-03',312),(763,4,'用户:312执行了查询分类操作,在2018-07-03 14:47:24','2018-07-03',312),(764,4,'用户:312执行了查询子类操作,在2018-07-03 14:47:25','2018-07-03',312),(765,4,'用户:312执行了查询分类操作,在2018-07-03 14:47:27','2018-07-03',312),(766,4,'用户:312执行了查询子类操作,在2018-07-03 14:47:28','2018-07-03',312),(767,4,'用户:312执行了查询分类操作,在2018-07-03 14:47:29','2018-07-03',312),(768,4,'用户:312执行了查询子类操作,在2018-07-03 14:47:39','2018-07-03',312),(769,4,'用户:312执行了查询分类操作,在2018-07-03 14:47:43','2018-07-03',312),(770,2,'用户:312执行了删除分类操作,在2018-07-03 14:47:45','2018-07-03',312),(771,4,'用户:312执行了查询分类操作,在2018-07-03 14:47:45','2018-07-03',312),(772,3,'用户:312执行了修改分类操作,在2018-07-03 14:48:04','2018-07-03',312),(773,4,'用户:312执行了查询分类操作,在2018-07-03 14:48:04','2018-07-03',312),(774,1,'用户:312执行了添加子类操作,在2018-07-03 14:48:27','2018-07-03',312),(775,4,'用户:312执行了查询子类操作,在2018-07-03 14:48:27','2018-07-03',312),(776,1,'用户:312执行了添加子类操作,在2018-07-03 14:49:00','2018-07-03',312),(777,4,'用户:312执行了查询分类操作,在2018-07-03 14:50:39','2018-07-03',312),(778,4,'用户:312执行了查询子类操作,在2018-07-03 14:50:41','2018-07-03',312),(779,4,'用户:312执行了查询分类操作,在2018-07-03 14:53:00','2018-07-03',312),(780,3,'用户:312执行了修改分类操作,在2018-07-03 14:53:23','2018-07-03',312),(781,4,'用户:312执行了查询分类操作,在2018-07-03 14:53:23','2018-07-03',312),(782,4,'用户:312执行了查询子类操作,在2018-07-03 14:53:27','2018-07-03',312),(783,4,'用户:312执行了查询分类操作,在2018-07-03 14:53:28','2018-07-03',312),(784,1,'用户:312执行了添加子类操作,在2018-07-03 14:53:53','2018-07-03',312),(785,4,'用户:312执行了查询子类操作,在2018-07-03 14:53:53','2018-07-03',312),(786,1,'用户:312执行了添加子类操作,在2018-07-03 14:54:08','2018-07-03',312),(787,4,'用户:312执行了查询子类操作,在2018-07-03 14:54:08','2018-07-03',312),(788,4,'用户:312执行了查询分类操作,在2018-07-03 14:54:11','2018-07-03',312),(789,4,'用户:312执行了查询规格操作,在2018-07-03 14:54:19','2018-07-03',312),(790,4,'用户:312执行了查询规格操作,在2018-07-03 14:54:23','2018-07-03',312),(791,4,'用户:312执行了查询分类操作,在2018-07-03 14:54:27','2018-07-03',312),(792,4,'用户:312执行了查询子类操作,在2018-07-03 14:54:39','2018-07-03',312),(793,1,'用户:312执行了添加子类操作,在2018-07-03 14:54:59','2018-07-03',312),(794,4,'用户:312执行了查询子类操作,在2018-07-03 14:54:59','2018-07-03',312),(795,4,'用户:312执行了查询分类操作,在2018-07-03 14:55:04','2018-07-03',312),(796,4,'用户:312执行了查询分类操作,在2018-07-03 14:58:50','2018-07-03',312),(797,4,'用户:312执行了查询分类操作,在2018-07-03 14:58:53','2018-07-03',312),(798,4,'用户:312执行了查询规格操作,在2018-07-03 14:58:54','2018-07-03',312),(799,4,'用户:312执行了查询规格操作,在2018-07-03 14:59:27','2018-07-03',312),(800,4,'用户:312执行了查询分类操作,在2018-07-03 14:59:30','2018-07-03',312),(801,4,'用户:312执行了查询子类操作,在2018-07-03 14:59:34','2018-07-03',312),(802,4,'用户:312执行了查询货物操作,在2018-07-03 16:40:07','2018-07-03',312),(803,4,'用户:312执行了查询分类操作,在2018-07-03 16:48:10','2018-07-03',312),(804,4,'用户:312执行了查询规格操作,在2018-07-03 16:49:17','2018-07-03',312),(805,4,'用户:312执行了查询分类操作,在2018-07-03 16:49:18','2018-07-03',312),(806,4,'用户:312执行了查询分类操作,在2018-07-03 23:09:04','2018-07-03',312),(807,4,'用户:312执行了查询货物操作,在2018-07-03 23:09:17','2018-07-03',312),(808,4,'用户:312执行了查询分类操作,在2018-07-03 23:45:26','2018-07-03',312),(809,4,'用户:312执行了查询分类操作,在2018-07-03 23:47:25','2018-07-03',312),(810,4,'用户:312执行了查询货物操作,在2018-07-04 00:38:24','2018-07-04',312),(811,4,'用户:312执行了查询货物操作,在2018-07-04 00:40:13','2018-07-04',312),(812,2,'用户:312执行了删除货物操作,在2018-07-04 00:40:18','2018-07-04',312),(813,4,'用户:312执行了查询货物操作,在2018-07-04 00:40:18','2018-07-04',312),(814,2,'用户:312执行了删除货物操作,在2018-07-04 00:40:19','2018-07-04',312),(815,4,'用户:312执行了查询货物操作,在2018-07-04 00:40:19','2018-07-04',312),(816,2,'用户:312执行了删除货物操作,在2018-07-04 00:40:19','2018-07-04',312),(817,4,'用户:312执行了查询货物操作,在2018-07-04 00:40:19','2018-07-04',312),(818,1,'用户:312执行了添加货物操作,在2018-07-04 00:40:41','2018-07-04',312),(819,4,'用户:312执行了查询货物操作,在2018-07-04 00:40:41','2018-07-04',312),(820,4,'用户:312执行了查询货物操作,在2018-07-04 00:40:43','2018-07-04',312),(821,4,'用户:312执行了查询货物操作,在2018-07-04 00:42:03','2018-07-04',312),(822,4,'用户:312执行了查询货物操作,在2018-07-04 00:43:05','2018-07-04',312),(823,4,'用户:312执行了查询货物操作,在2018-07-04 00:44:28','2018-07-04',312),(824,4,'用户:312执行了查询货物操作,在2018-07-04 00:46:53','2018-07-04',312),(825,3,'用户:312执行了修改货物操作,在2018-07-04 00:47:09','2018-07-04',312),(826,4,'用户:312执行了查询货物操作,在2018-07-04 00:47:09','2018-07-04',312),(827,4,'用户:312执行了查询货物操作,在2018-07-04 10:33:42','2018-07-04',312),(828,4,'用户:312执行了查询规格操作,在2018-07-04 10:33:50','2018-07-04',312),(829,4,'用户:312执行了查询规格详情操作,在2018-07-04 10:33:53','2018-07-04',312),(830,4,'用户:312执行了查询规格操作,在2018-07-04 10:33:55','2018-07-04',312),(831,4,'用户:312执行了查询规格详情操作,在2018-07-04 10:33:58','2018-07-04',312),(832,1,'用户:312执行了添加规格详情操作,在2018-07-04 10:34:07','2018-07-04',312),(833,4,'用户:312执行了查询规格详情操作,在2018-07-04 10:34:07','2018-07-04',312),(834,1,'用户:312执行了添加货物操作,在2018-07-04 10:34:33','2018-07-04',312),(835,4,'用户:312执行了查询货物操作,在2018-07-04 10:34:33','2018-07-04',312),(836,4,'用户:312执行了查询货物详情操作,在2018-07-04 10:34:35','2018-07-04',312),(837,1,'用户:312执行了添加货物详情操作,在2018-07-04 10:35:01','2018-07-04',312),(838,4,'用户:312执行了查询货物详情操作,在2018-07-04 10:35:01','2018-07-04',312),(839,4,'用户:312执行了查询货物操作,在2018-07-04 10:35:07','2018-07-04',312),(840,4,'用户:312执行了查询分类操作,在2018-07-04 10:35:13','2018-07-04',312),(841,4,'用户:312执行了查询规格操作,在2018-07-04 10:35:17','2018-07-04',312),(842,4,'用户:312执行了查询规格操作,在2018-07-04 10:35:29','2018-07-04',312),(843,4,'用户:312执行了查询分类操作,在2018-07-04 10:35:30','2018-07-04',312),(844,4,'用户:312执行了查询规格操作,在2018-07-04 10:35:31','2018-07-04',312),(845,1,'用户:312执行了添加规格操作,在2018-07-04 10:35:39','2018-07-04',312),(846,4,'用户:312执行了查询规格操作,在2018-07-04 10:35:39','2018-07-04',312),(847,4,'用户:312执行了查询规格详情操作,在2018-07-04 10:35:41','2018-07-04',312),(848,1,'用户:312执行了添加规格详情操作,在2018-07-04 10:35:46','2018-07-04',312),(849,4,'用户:312执行了查询规格详情操作,在2018-07-04 10:35:46','2018-07-04',312),(850,1,'用户:312执行了添加规格详情操作,在2018-07-04 10:35:50','2018-07-04',312),(851,4,'用户:312执行了查询规格详情操作,在2018-07-04 10:35:50','2018-07-04',312),(852,4,'用户:312执行了查询货物操作,在2018-07-04 10:35:52','2018-07-04',312),(853,4,'用户:312执行了查询货物详情操作,在2018-07-04 10:35:54','2018-07-04',312),(854,1,'用户:312执行了添加货物操作,在2018-07-04 10:36:17','2018-07-04',312),(855,4,'用户:312执行了查询货物操作,在2018-07-04 10:36:17','2018-07-04',312),(856,4,'用户:312执行了查询分类操作,在2018-07-04 10:36:44','2018-07-04',312),(857,4,'用户:312执行了查询子类操作,在2018-07-04 10:37:00','2018-07-04',312),(858,4,'用户:312执行了查询分类操作,在2018-07-04 10:37:17','2018-07-04',312),(859,4,'用户:312执行了查询子类操作,在2018-07-04 10:37:21','2018-07-04',312),(860,4,'用户:312执行了查询分类操作,在2018-07-04 10:38:51','2018-07-04',312),(861,4,'用户:312执行了查询货物操作,在2018-07-04 10:56:38','2018-07-04',312),(862,4,'用户:312执行了查询货物操作,在2018-07-04 11:00:58','2018-07-04',312),(863,4,'用户:312执行了查询分类操作,在2018-07-04 11:01:00','2018-07-04',312),(864,4,'用户:312执行了查询子类操作,在2018-07-04 11:02:29','2018-07-04',312),(865,4,'用户:312执行了查询分类操作,在2018-07-04 11:02:32','2018-07-04',312),(866,4,'用户:312执行了查询子类操作,在2018-07-04 11:02:33','2018-07-04',312),(867,4,'用户:312执行了查询分类操作,在2018-07-04 11:02:35','2018-07-04',312),(868,4,'用户:312执行了查询子类操作,在2018-07-04 11:02:36','2018-07-04',312),(869,2,'用户:312执行了删除子类操作,在2018-07-04 11:13:51','2018-07-04',312),(870,4,'用户:312执行了查询子类操作,在2018-07-04 11:13:51','2018-07-04',312),(871,2,'用户:312执行了删除子类操作,在2018-07-04 11:13:53','2018-07-04',312),(872,4,'用户:312执行了查询子类操作,在2018-07-04 11:13:53','2018-07-04',312),(873,4,'用户:312执行了查询货物操作,在2018-07-04 11:13:55','2018-07-04',312),(874,2,'用户:312执行了删除货物操作,在2018-07-04 11:14:00','2018-07-04',312),(875,4,'用户:312执行了查询货物操作,在2018-07-04 11:14:00','2018-07-04',312),(876,2,'用户:312执行了删除货物操作,在2018-07-04 11:14:01','2018-07-04',312),(877,4,'用户:312执行了查询货物操作,在2018-07-04 11:14:01','2018-07-04',312),(878,4,'用户:312执行了查询分类操作,在2018-07-04 11:15:06','2018-07-04',312),(879,4,'用户:312执行了查询规格操作,在2018-07-04 11:15:09','2018-07-04',312),(880,4,'用户:312执行了查询分类操作,在2018-07-04 11:15:11','2018-07-04',312),(881,4,'用户:312执行了查询规格操作,在2018-07-04 11:15:13','2018-07-04',312),(882,4,'用户:312执行了查询分类操作,在2018-07-04 11:15:14','2018-07-04',312),(883,4,'用户:312执行了查询货物操作,在2018-07-04 11:15:44','2018-07-04',312),(884,4,'用户:312执行了查询分类操作,在2018-07-04 11:15:59','2018-07-04',312),(885,4,'用户:312执行了查询子类操作,在2018-07-04 11:16:01','2018-07-04',312),(886,1,'用户:312执行了添加子类操作,在2018-07-04 11:16:37','2018-07-04',312),(887,4,'用户:312执行了查询子类操作,在2018-07-04 11:16:37','2018-07-04',312),(888,1,'用户:312执行了添加子类操作,在2018-07-04 11:16:54','2018-07-04',312),(889,4,'用户:312执行了查询子类操作,在2018-07-04 11:16:54','2018-07-04',312),(890,1,'用户:312执行了添加货物操作,在2018-07-04 11:17:14','2018-07-04',312),(891,4,'用户:312执行了查询货物操作,在2018-07-04 11:17:14','2018-07-04',312),(892,4,'用户:312执行了查询货物详情操作,在2018-07-04 11:17:17','2018-07-04',312),(893,1,'用户:312执行了添加货物详情操作,在2018-07-04 11:17:33','2018-07-04',312),(894,4,'用户:312执行了查询货物详情操作,在2018-07-04 11:17:39','2018-07-04',312),(895,4,'用户:312执行了查询分类操作,在2018-07-04 23:19:01','2018-07-04',312),(896,4,'用户:312执行了查询分类操作,在2018-07-04 23:19:07','2018-07-04',312),(897,4,'用户:312执行了查询货物操作,在2018-07-04 23:19:31','2018-07-04',312),(898,4,'用户:312执行了查询规格操作,在2018-07-04 23:19:35','2018-07-04',312),(899,4,'用户:312执行了查询货物操作,在2018-07-04 23:19:40','2018-07-04',312),(900,4,'用户:312执行了查询货物详情操作,在2018-07-04 23:19:43','2018-07-04',312),(901,4,'用户:312执行了查询货物操作,在2018-07-04 23:19:47','2018-07-04',312),(902,4,'用户:312执行了查询货物详情操作,在2018-07-04 23:19:49','2018-07-04',312),(903,4,'用户:312执行了查询货物操作,在2018-07-05 10:41:09','2018-07-05',312),(904,4,'用户:312执行了查询货物详情操作,在2018-07-05 10:41:12','2018-07-05',312),(905,1,'用户:312执行了添加货物详情操作,在2018-07-05 10:41:35','2018-07-05',312),(906,4,'用户:312执行了查询货物详情操作,在2018-07-05 10:41:35','2018-07-05',312),(907,4,'用户:312执行了查询货物详情操作,在2018-07-05 10:41:35','2018-07-05',312),(908,4,'用户:312执行了查询货物操作,在2018-07-09 10:09:57','2018-07-09',312),(909,4,'用户:312执行了查询货物操作,在2018-07-09 13:38:06','2018-07-09',312),(910,4,'用户:312执行了查询分类操作,在2018-07-09 13:38:10','2018-07-09',312),(911,4,'用户:312执行了查询规格操作,在2018-07-09 13:38:12','2018-07-09',312),(912,4,'用户:312执行了查询规格操作,在2018-07-09 13:38:13','2018-07-09',312),(913,4,'用户:312执行了查询分类操作,在2018-07-09 13:38:14','2018-07-09',312),(914,4,'用户:312执行了查询规格操作,在2018-07-09 13:38:16','2018-07-09',312),(915,4,'用户:312执行了查询货物操作,在2018-07-09 13:38:16','2018-07-09',312),(916,1,'用户:312执行了添加货物操作,在2018-07-10 08:15:23','2018-07-10',312),(917,4,'用户:312执行了查询货物操作,在2018-07-10 08:15:23','2018-07-10',312),(918,1,'用户:312执行了添加货物详情操作,在2018-07-10 08:16:02','2018-07-10',312),(919,4,'用户:312执行了查询货物详情操作,在2018-07-10 08:16:02','2018-07-10',312),(920,4,'用户:312执行了查询货物操作,在2018-07-10 08:16:17','2018-07-10',312),(921,4,'用户:312执行了查询货物操作,在2018-07-10 08:16:20','2018-07-10',312),(922,4,'用户:312执行了查询货物操作,在2018-07-10 08:16:26','2018-07-10',312),(923,4,'用户:312执行了查询货物操作,在2018-07-10 08:17:34','2018-07-10',312),(924,1,'用户:312执行了添加货物操作,在2018-07-10 08:17:46','2018-07-10',312),(925,4,'用户:312执行了查询货物操作,在2018-07-10 08:17:46','2018-07-10',312),(926,1,'用户:312执行了添加货物详情操作,在2018-07-10 08:18:04','2018-07-10',312),(927,4,'用户:312执行了查询货物详情操作,在2018-07-10 08:18:04','2018-07-10',312),(928,4,'用户:312执行了查询货物操作,在2018-07-10 08:18:08','2018-07-10',312),(929,4,'用户:312执行了查询货物详情操作,在2018-07-10 08:18:10','2018-07-10',312),(930,4,'用户:312执行了查询规格操作,在2018-07-10 08:18:18','2018-07-10',312),(931,4,'用户:312执行了查询分类操作,在2018-07-10 08:18:19','2018-07-10',312),(932,4,'用户:312执行了查询货物操作,在2018-07-10 08:18:22','2018-07-10',312),(933,4,'用户:312执行了查询货物详情操作,在2018-07-10 08:18:23','2018-07-10',312),(934,4,'用户:312执行了查询规格操作,在2018-07-10 08:18:25','2018-07-10',312),(935,4,'用户:312执行了查询货物操作,在2018-07-10 08:22:36','2018-07-10',312),(936,4,'用户:312执行了查询货物详情操作,在2018-07-10 08:22:40','2018-07-10',312),(937,4,'用户:312执行了查询规格操作,在2018-07-10 08:32:21','2018-07-10',312),(938,4,'用户:312执行了查询分类操作,在2018-07-10 08:32:22','2018-07-10',312),(939,4,'用户:312执行了查询规格操作,在2018-07-10 08:32:24','2018-07-10',312),(940,4,'用户:312执行了查询分类操作,在2018-07-10 08:32:26','2018-07-10',312),(941,4,'用户:312执行了查询子类操作,在2018-07-10 08:32:28','2018-07-10',312),(942,4,'用户:312执行了查询角色操作,在2018-07-10 08:56:44','2018-07-10',312),(943,2,'用户:312执行了删除角色操作,在2018-07-10 08:56:49','2018-07-10',312),(944,4,'用户:312执行了查询角色操作,在2018-07-10 08:56:49','2018-07-10',312),(945,2,'用户:312执行了删除角色操作,在2018-07-10 08:56:49','2018-07-10',312),(946,4,'用户:312执行了查询角色操作,在2018-07-10 08:56:49','2018-07-10',312),(947,2,'用户:312执行了删除角色操作,在2018-07-10 08:56:49','2018-07-10',312),(948,4,'用户:312执行了查询角色操作,在2018-07-10 08:56:49','2018-07-10',312),(949,2,'用户:312执行了删除角色操作,在2018-07-10 08:56:50','2018-07-10',312),(950,4,'用户:312执行了查询角色操作,在2018-07-10 08:56:50','2018-07-10',312),(951,2,'用户:312执行了删除角色操作,在2018-07-10 08:56:50','2018-07-10',312),(952,4,'用户:312执行了查询角色操作,在2018-07-10 08:56:50','2018-07-10',312),(953,2,'用户:312执行了删除角色操作,在2018-07-10 08:56:50','2018-07-10',312),(954,4,'用户:312执行了查询角色操作,在2018-07-10 08:56:50','2018-07-10',312),(955,2,'用户:312执行了删除角色操作,在2018-07-10 08:56:50','2018-07-10',312),(956,4,'用户:312执行了查询角色操作,在2018-07-10 08:56:50','2018-07-10',312),(957,2,'用户:312执行了删除角色操作,在2018-07-10 08:56:51','2018-07-10',312),(958,4,'用户:312执行了查询角色操作,在2018-07-10 08:56:51','2018-07-10',312),(959,2,'用户:312执行了删除角色操作,在2018-07-10 08:56:51','2018-07-10',312),(960,4,'用户:312执行了查询角色操作,在2018-07-10 08:56:51','2018-07-10',312),(961,2,'用户:312执行了删除角色操作,在2018-07-10 08:56:51','2018-07-10',312),(962,4,'用户:312执行了查询角色操作,在2018-07-10 08:56:51','2018-07-10',312),(963,2,'用户:312执行了删除角色操作,在2018-07-10 08:56:52','2018-07-10',312),(964,4,'用户:312执行了查询角色操作,在2018-07-10 08:56:52','2018-07-10',312),(965,2,'用户:312执行了删除角色操作,在2018-07-10 08:56:52','2018-07-10',312),(966,4,'用户:312执行了查询角色操作,在2018-07-10 08:56:52','2018-07-10',312),(967,2,'用户:312执行了删除角色操作,在2018-07-10 08:56:53','2018-07-10',312),(968,4,'用户:312执行了查询角色操作,在2018-07-10 08:56:53','2018-07-10',312),(969,4,'用户:312执行了查询角色操作,在2018-07-10 08:58:34','2018-07-10',312),(970,1,'用户:312执行了添加角色操作,在2018-07-10 09:02:05','2018-07-10',312),(971,4,'用户:312执行了查询角色操作,在2018-07-10 09:02:05','2018-07-10',312),(972,1,'用户:312执行了添加角色操作,在2018-07-10 09:04:06','2018-07-10',312),(973,4,'用户:312执行了查询角色操作,在2018-07-10 09:04:06','2018-07-10',312),(974,4,'用户:312执行了查询角色操作,在2018-07-10 09:06:46','2018-07-10',312),(975,4,'用户:312执行了查询角色操作,在2018-07-10 09:06:48','2018-07-10',312),(976,3,'用户:312执行了修改角色操作,在2018-07-10 09:07:00','2018-07-10',312),(977,4,'用户:312执行了查询角色操作,在2018-07-10 09:07:00','2018-07-10',312),(978,4,'用户:312执行了查询用户操作,在2018-07-10 09:09:56','2018-07-10',312),(979,4,'用户:312执行了查询用户操作,在2018-07-10 09:10:00','2018-07-10',312),(980,4,'用户:312执行了查询角色操作,在2018-07-10 09:10:05','2018-07-10',312),(981,4,'用户:312执行了查询角色操作,在2018-07-10 09:10:31','2018-07-10',312),(982,4,'用户:312执行了查询用户操作,在2018-07-10 09:10:46','2018-07-10',312),(983,4,'用户:312执行了查询角色操作,在2018-07-10 09:10:47','2018-07-10',312),(984,4,'用户:312执行了查询角色操作,在2018-07-10 09:10:55','2018-07-10',312),(985,4,'用户:312执行了查询角色操作,在2018-07-10 09:11:26','2018-07-10',312),(986,4,'用户:312执行了查询角色操作,在2018-07-10 09:12:46','2018-07-10',312),(987,3,'用户:312执行了修改角色操作,在2018-07-10 09:12:55','2018-07-10',312),(988,4,'用户:312执行了查询角色操作,在2018-07-10 09:12:55','2018-07-10',312),(989,3,'用户:312执行了修改角色操作,在2018-07-10 09:13:00','2018-07-10',312),(990,4,'用户:312执行了查询角色操作,在2018-07-10 09:13:00','2018-07-10',312),(991,4,'用户:312执行了查询用户操作,在2018-07-10 09:13:14','2018-07-10',312),(992,4,'用户:312执行了查询用户操作,在2018-07-10 09:42:23','2018-07-10',312),(993,4,'用户:312执行了查询角色操作,在2018-07-10 09:42:26','2018-07-10',312),(994,4,'用户:312执行了查询角色操作,在2018-07-10 09:42:46','2018-07-10',312),(995,1,'用户:312执行了添加用户操作,在2018-07-10 09:43:25','2018-07-10',312),(996,4,'用户:312执行了查询用户操作,在2018-07-10 09:43:25','2018-07-10',312),(997,4,'用户:312执行了查询用户操作,在2018-07-10 09:43:53','2018-07-10',312),(998,4,'用户:312执行了查询用户操作,在2018-07-10 09:43:53','2018-07-10',312),(999,4,'用户:312执行了查询角色操作,在2018-07-10 09:43:57','2018-07-10',312),(1000,4,'用户:312执行了查询角色操作,在2018-07-10 09:44:01','2018-07-10',312),(1001,4,'用户:312执行了查询用户操作,在2018-07-10 09:44:03','2018-07-10',312),(1002,4,'用户:312执行了查询货物操作,在2018-07-10 09:44:06','2018-07-10',312),(1003,4,'用户:312执行了查询分类操作,在2018-07-10 09:44:08','2018-07-10',312),(1004,4,'用户:312执行了查询货物操作,在2018-07-10 09:44:09','2018-07-10',312),(1005,4,'用户:316执行了查询用户操作,在2018-07-10 09:44:28','2018-07-10',316),(1006,4,'用户:316执行了查询角色操作,在2018-07-10 09:44:30','2018-07-10',316),(1007,4,'用户:316执行了查询角色操作,在2018-07-10 09:44:36','2018-07-10',316),(1008,4,'用户:316执行了查询用户操作,在2018-07-10 09:44:37','2018-07-10',316),(1009,4,'用户:316执行了查询角色操作,在2018-07-10 09:45:04','2018-07-10',316),(1010,4,'用户:316执行了查询用户操作,在2018-07-10 09:45:05','2018-07-10',316),(1011,4,'用户:316执行了查询角色操作,在2018-07-10 09:45:31','2018-07-10',316),(1012,4,'用户:316执行了查询用户操作,在2018-07-10 09:45:38','2018-07-10',316),(1013,4,'用户:316执行了查询角色操作,在2018-07-10 09:45:40','2018-07-10',316),(1014,4,'用户:316执行了查询用户操作,在2018-07-10 09:46:02','2018-07-10',316),(1015,4,'用户:316执行了查询角色操作,在2018-07-10 09:47:30','2018-07-10',316),(1016,4,'用户:316执行了查询货物操作,在2018-07-10 10:51:44','2018-07-10',316),(1017,4,'用户:316执行了查询货物操作,在2018-07-10 14:35:33','2018-07-10',316),(1018,4,'用户:316执行了查询货物详情操作,在2018-07-10 14:35:34','2018-07-10',316),(1019,4,'用户:316执行了查询货物详情操作,在2018-07-10 14:35:44','2018-07-10',316),(1020,4,'用户:316执行了查询货物详情操作,在2018-07-10 14:35:47','2018-07-10',316),(1021,4,'用户:316执行了查询分类操作,在2018-07-10 14:35:59','2018-07-10',316),(1022,4,'用户:316执行了查询货物操作,在2018-07-10 14:35:59','2018-07-10',316),(1023,4,'用户:316执行了查询货物详情操作,在2018-07-10 14:36:02','2018-07-10',316),(1024,4,'用户:316执行了查询货物操作,在2018-07-10 14:36:12','2018-07-10',316),(1025,4,'用户:316执行了查询货物详情操作,在2018-07-10 14:36:18','2018-07-10',316),(1026,4,'用户:316执行了查询货物操作,在2018-07-10 14:37:34','2018-07-10',316),(1027,4,'用户:316执行了查询货物详情操作,在2018-07-10 14:37:36','2018-07-10',316),(1028,4,'用户:316执行了查询货物操作,在2018-07-10 14:37:40','2018-07-10',316),(1029,4,'用户:316执行了查询货物详情操作,在2018-07-10 14:37:41','2018-07-10',316),(1030,2,'用户:316执行了删除货物详情操作,在2018-07-10 14:37:42','2018-07-10',316),(1031,4,'用户:316执行了查询货物详情操作,在2018-07-10 14:37:42','2018-07-10',316),(1032,1,'用户:316执行了添加货物详情操作,在2018-07-10 14:37:55','2018-07-10',316),(1033,4,'用户:316执行了查询货物详情操作,在2018-07-10 14:37:55','2018-07-10',316),(1034,4,'用户:316执行了查询货物操作,在2018-07-10 14:41:58','2018-07-10',316),(1035,4,'用户:316执行了查询货物操作,在2018-07-10 14:41:59','2018-07-10',316),(1036,2,'用户:316执行了删除货物操作,在2018-07-10 14:54:25','2018-07-10',316),(1037,4,'用户:316执行了查询货物操作,在2018-07-10 14:54:25','2018-07-10',316),(1038,2,'用户:316执行了删除货物操作,在2018-07-10 14:54:26','2018-07-10',316),(1039,4,'用户:316执行了查询货物操作,在2018-07-10 14:54:26','2018-07-10',316),(1040,4,'用户:316执行了查询货物操作,在2018-07-10 15:00:25','2018-07-10',316),(1041,1,'用户:316执行了添加货物操作,在2018-07-10 15:00:39','2018-07-10',316),(1042,4,'用户:316执行了查询货物操作,在2018-07-10 15:00:40','2018-07-10',316),(1043,4,'用户:316执行了查询货物详情操作,在2018-07-10 15:00:41','2018-07-10',316),(1044,1,'用户:316执行了添加货物详情操作,在2018-07-10 15:00:57','2018-07-10',316),(1045,4,'用户:316执行了查询货物详情操作,在2018-07-10 15:00:57','2018-07-10',316),(1046,4,'用户:316执行了查询货物操作,在2018-07-10 15:04:51','2018-07-10',316),(1047,1,'用户:316执行了添加货物操作,在2018-07-10 15:25:31','2018-07-10',316),(1048,4,'用户:316执行了查询货物操作,在2018-07-10 15:25:31','2018-07-10',316),(1049,2,'用户:316执行了删除货物操作,在2018-07-10 15:25:37','2018-07-10',316),(1050,4,'用户:316执行了查询货物操作,在2018-07-10 15:25:37','2018-07-10',316),(1051,4,'用户:316执行了查询货物详情操作,在2018-07-10 15:25:38','2018-07-10',316),(1052,1,'用户:316执行了添加货物详情操作,在2018-07-10 15:26:06','2018-07-10',316),(1053,4,'用户:316执行了查询货物详情操作,在2018-07-10 15:26:06','2018-07-10',316),(1054,4,'用户:316执行了查询货物操作,在2018-07-10 15:26:10','2018-07-10',316),(1055,4,'用户:316执行了查询货物详情操作,在2018-07-10 15:26:18','2018-07-10',316),(1056,4,'用户:316执行了查询货物操作,在2018-07-10 15:26:19','2018-07-10',316),(1057,4,'用户:316执行了查询货物操作,在2018-07-10 15:26:23','2018-07-10',316),(1058,1,'用户:316执行了添加货物操作,在2018-07-10 15:26:45','2018-07-10',316),(1059,4,'用户:316执行了查询货物操作,在2018-07-10 15:26:45','2018-07-10',316),(1060,4,'用户:316执行了查询货物详情操作,在2018-07-10 15:26:48','2018-07-10',316),(1061,1,'用户:316执行了添加货物详情操作,在2018-07-10 15:27:01','2018-07-10',316),(1062,4,'用户:316执行了查询货物详情操作,在2018-07-10 15:27:01','2018-07-10',316),(1063,4,'用户:316执行了查询货物操作,在2018-07-10 15:27:04','2018-07-10',316),(1064,4,'用户:316执行了查询货物详情操作,在2018-07-10 15:27:05','2018-07-10',316),(1065,4,'用户:316执行了查询货物操作,在2018-07-10 15:27:07','2018-07-10',316),(1066,4,'用户:316执行了查询货物详情操作,在2018-07-10 15:27:08','2018-07-10',316),(1067,4,'用户:316执行了查询货物操作,在2018-07-10 15:27:09','2018-07-10',316),(1068,4,'用户:316执行了查询分类操作,在2018-07-10 15:27:18','2018-07-10',316),(1069,4,'用户:316执行了查询货物操作,在2018-07-10 15:27:23','2018-07-10',316),(1070,4,'用户:316执行了查询货物操作,在2018-07-10 15:42:25','2018-07-10',316),(1071,4,'用户:316执行了查询规格操作,在2018-07-10 15:42:26','2018-07-10',316),(1072,4,'用户:316执行了查询分类操作,在2018-07-10 15:42:28','2018-07-10',316),(1073,4,'用户:316执行了查询角色操作,在2018-07-10 15:42:36','2018-07-10',316),(1074,4,'用户:316执行了查询货物操作,在2018-07-10 15:43:38','2018-07-10',316),(1075,4,'用户:316执行了查询货物操作,在2018-07-10 16:04:52','2018-07-10',316),(1076,1,'用户:316执行了添加货物操作,在2018-07-10 16:05:18','2018-07-10',316),(1077,4,'用户:316执行了查询货物操作,在2018-07-10 16:05:18','2018-07-10',316),(1078,4,'用户:316执行了查询货物详情操作,在2018-07-10 16:05:21','2018-07-10',316),(1079,1,'用户:316执行了添加货物详情操作,在2018-07-10 16:05:36','2018-07-10',316),(1080,4,'用户:316执行了查询货物详情操作,在2018-07-10 16:05:36','2018-07-10',316),(1081,4,'用户:316执行了查询货物操作,在2018-07-10 18:30:27','2018-07-10',316),(1082,4,'用户:316执行了查询货物操作,在2018-07-10 18:30:41','2018-07-10',316),(1083,4,'用户:316执行了查询货物详情操作,在2018-07-10 18:31:32','2018-07-10',316),(1084,4,'用户:316执行了查询角色操作,在2018-07-10 18:38:46','2018-07-10',316),(1085,4,'用户:316执行了查询分类操作,在2018-07-10 18:42:07','2018-07-10',316),(1086,1,'用户:316执行了添加货物操作,在2018-07-10 20:20:52','2018-07-10',316),(1087,4,'用户:316执行了查询货物操作,在2018-07-10 20:20:52','2018-07-10',316),(1088,4,'用户:316执行了查询货物详情操作,在2018-07-10 20:20:53','2018-07-10',316),(1089,1,'用户:316执行了添加货物详情操作,在2018-07-10 20:21:18','2018-07-10',316),(1090,4,'用户:316执行了查询货物详情操作,在2018-07-10 20:21:18','2018-07-10',316),(1091,4,'用户:316执行了查询货物详情操作,在2018-07-10 20:21:47','2018-07-10',316),(1092,4,'用户:316执行了查询分类操作,在2018-07-10 20:22:04','2018-07-10',316),(1093,4,'用户:316执行了查询货物操作,在2018-07-10 20:22:06','2018-07-10',316),(1094,4,'用户:316执行了查询货物详情操作,在2018-07-10 20:22:09','2018-07-10',316),(1095,2,'用户:316执行了删除货物详情操作,在2018-07-10 20:25:14','2018-07-10',316),(1096,4,'用户:316执行了查询货物详情操作,在2018-07-10 20:25:14','2018-07-10',316),(1097,1,'用户:316执行了添加货物详情操作,在2018-07-10 20:25:28','2018-07-10',316),(1098,4,'用户:316执行了查询货物详情操作,在2018-07-10 20:25:28','2018-07-10',316),(1099,4,'用户:316执行了查询货物详情操作,在2018-07-10 20:28:05','2018-07-10',316),(1100,4,'用户:316执行了查询分类操作,在2018-07-10 20:29:31','2018-07-10',316),(1101,4,'用户:316执行了查询货物操作,在2018-07-10 20:29:32','2018-07-10',316),(1102,4,'用户:316执行了查询货物详情操作,在2018-07-10 20:29:34','2018-07-10',316),(1103,2,'用户:316执行了删除货物详情操作,在2018-07-10 20:29:35','2018-07-10',316),(1104,4,'用户:316执行了查询货物详情操作,在2018-07-10 20:29:35','2018-07-10',316),(1105,1,'用户:316执行了添加货物详情操作,在2018-07-10 20:29:48','2018-07-10',316),(1106,4,'用户:316执行了查询货物详情操作,在2018-07-10 20:29:48','2018-07-10',316),(1107,2,'用户:316执行了删除货物详情操作,在2018-07-10 20:35:26','2018-07-10',316),(1108,4,'用户:316执行了查询货物详情操作,在2018-07-10 20:35:26','2018-07-10',316),(1109,1,'用户:316执行了添加货物详情操作,在2018-07-10 20:35:41','2018-07-10',316),(1110,4,'用户:316执行了查询货物详情操作,在2018-07-10 20:35:41','2018-07-10',316),(1111,4,'用户:316执行了查询货物详情操作,在2018-07-10 20:35:45','2018-07-10',316),(1112,4,'用户:316执行了查询货物详情操作,在2018-07-10 20:36:07','2018-07-10',316),(1113,4,'用户:316执行了查询货物详情操作,在2018-07-10 20:36:13','2018-07-10',316),(1114,4,'用户:316执行了查询货物操作,在2018-07-10 20:36:21','2018-07-10',316),(1115,4,'用户:316执行了查询货物详情操作,在2018-07-10 20:36:43','2018-07-10',316),(1116,4,'用户:316执行了查询货物操作,在2018-07-10 20:37:56','2018-07-10',316),(1117,4,'用户:316执行了查询货物详情操作,在2018-07-10 20:37:59','2018-07-10',316),(1118,1,'用户:316执行了添加货物操作,在2018-07-10 20:47:31','2018-07-10',316),(1119,4,'用户:316执行了查询货物操作,在2018-07-10 20:47:31','2018-07-10',316),(1120,4,'用户:316执行了查询货物详情操作,在2018-07-10 20:47:33','2018-07-10',316),(1121,4,'用户:316执行了查询货物详情操作,在2018-07-10 20:47:52','2018-07-10',316),(1122,4,'用户:316执行了查询货物操作,在2018-07-10 20:48:04','2018-07-10',316),(1123,4,'用户:316执行了查询货物详情操作,在2018-07-10 20:48:06','2018-07-10',316),(1124,1,'用户:316执行了添加货物详情操作,在2018-07-10 20:50:04','2018-07-10',316),(1125,4,'用户:316执行了查询货物详情操作,在2018-07-10 20:50:04','2018-07-10',316),(1126,4,'用户:316执行了查询货物操作,在2018-07-10 20:50:57','2018-07-10',316),(1127,3,'用户:316执行了修改货物操作,在2018-07-10 20:51:09','2018-07-10',316),(1128,4,'用户:316执行了查询货物操作,在2018-07-10 20:51:09','2018-07-10',316),(1129,4,'用户:316执行了查询货物详情操作,在2018-07-10 20:51:11','2018-07-10',316),(1130,4,'用户:316执行了查询货物详情操作,在2018-07-10 20:51:36','2018-07-10',316);

/*Table structure for table `members` */

DROP TABLE IF EXISTS `members`;

CREATE TABLE `members` (
  `meid` int(11) NOT NULL AUTO_INCREMENT,
  `username` varchar(20) DEFAULT NULL,
  `passwd` varchar(20) DEFAULT NULL,
  `email` varchar(20) DEFAULT NULL,
  `gender` varchar(10) DEFAULT NULL,
  `birthday` date DEFAULT NULL,
  `phone` varchar(20) DEFAULT NULL,
  `createDate` datetime DEFAULT NULL,
  `lastDate` datetime DEFAULT NULL,
  `photoPath` varchar(255) DEFAULT NULL,
  `score` int(11) DEFAULT NULL,
  `realname` varchar(255) DEFAULT NULL,
  PRIMARY KEY (`meid`)
) ENGINE=InnoDB AUTO_INCREMENT=5 DEFAULT CHARSET=utf8;

/*Data for the table `members` */

insert  into `members`(`meid`,`username`,`passwd`,`email`,`gender`,`birthday`,`phone`,`createDate`,`lastDate`,`photoPath`,`score`,`realname`) values (1,'qwe','123','123@qq.com','男','1000-01-01','15076022053',NULL,NULL,NULL,NULL,'辉');

/*Table structure for table `orderdetail` */

DROP TABLE IF EXISTS `orderdetail`;

CREATE TABLE `orderdetail` (
  `gid` int(11) NOT NULL,
  `oid` varchar(20) NOT NULL,
  `number` int(11) DEFAULT NULL
) ENGINE=InnoDB DEFAULT CHARSET=utf8;

/*Data for the table `orderdetail` */

insert  into `orderdetail`(`gid`,`oid`,`number`) values (28,'1531208590814',3),(34,'1531226237922',4),(30,'1531226293432',4),(30,'1531226347393',4);

/*Table structure for table `orders` */

DROP TABLE IF EXISTS `orders`;

CREATE TABLE `orders` (
  `oid` varchar(20) DEFAULT NULL,
  `meid` int(11) DEFAULT NULL,
  `downDate` date DEFAULT NULL,
  `finishDate` date DEFAULT NULL,
  `state` int(11) DEFAULT NULL,
  `remark` varchar(255) DEFAULT NULL
) ENGINE=InnoDB DEFAULT CHARSET=utf8;

/*Data for the table `orders` */

insert  into `orders`(`oid`,`meid`,`downDate`,`finishDate`,`state`,`remark`) values ('1531208590814',1,'2018-07-10',NULL,6,'123'),('1531226237922',1,'2018-07-10',NULL,8,''),('1531226293432',1,'2018-07-10',NULL,8,''),('1531226347393',1,'2018-07-10',NULL,8,'');

/*Table structure for table `picinfos` */

DROP TABLE IF EXISTS `picinfos`;

CREATE TABLE `picinfos` (
  `pid` varchar(20) DEFAULT NULL,
  `gid` int(11) DEFAULT NULL,
  `picinfo` varchar(255) DEFAULT NULL
) ENGINE=InnoDB DEFAULT CHARSET=utf8;

/*Data for the table `picinfos` */

insert  into `picinfos`(`pid`,`gid`,`picinfo`) values ('1531207566247',216,'/admin/pictures/1531207566247.jpg'),('1531207621122',217,'/admin/pictures/1531207621122.png'),('1531209936678',218,'/admin/pictures/1531209936678.png'),('1531225278629',219,'/admin/pictures/1531225278629.jpg'),('1531227096832',220,'/admin/pictures/1531227096832.png');

/*Table structure for table `roles` */

DROP TABLE IF EXISTS `roles`;

CREATE TABLE `roles` (
  `rid` int(11) NOT NULL AUTO_INCREMENT,
  `roleName` varchar(20) DEFAULT NULL,
  `remark` varchar(255) DEFAULT NULL,
  `authority` int(11) DEFAULT NULL,
  PRIMARY KEY (`rid`)
) ENGINE=InnoDB AUTO_INCREMENT=211 DEFAULT CHARSET=utf8;

/*Data for the table `roles` */

insert  into `roles`(`rid`,`roleName`,`remark`,`authority`) values (209,'admin','所有权限',2047),(210,'employee','不可编辑用户',2046);

/*Table structure for table `shoppingcart` */

DROP TABLE IF EXISTS `shoppingcart`;

CREATE TABLE `shoppingcart` (
  `meid` int(11) NOT NULL,
  `gdid` int(11) NOT NULL,
  `number` int(11) DEFAULT NULL,
  `types` int(11) DEFAULT NULL,
  PRIMARY KEY (`meid`,`gdid`)
) ENGINE=InnoDB DEFAULT CHARSET=utf8;

/*Data for the table `shoppingcart` */

/*Table structure for table `specdetail` */

DROP TABLE IF EXISTS `specdetail`;

CREATE TABLE `specdetail` (
  `sdid` int(11) NOT NULL AUTO_INCREMENT,
  `sdname` varchar(20) DEFAULT NULL,
  `sid` int(11) DEFAULT NULL,
  PRIMARY KEY (`sdid`)
) ENGINE=InnoDB AUTO_INCREMENT=37 DEFAULT CHARSET=utf8;

/*Data for the table `specdetail` */

insert  into `specdetail`(`sdid`,`sdname`,`sid`) values (22,'清华大学',5),(23,'1994',4),(24,'1992',4),(25,'北京大学',5),(26,'阳',6),(27,'123',5),(34,'欢',6),(35,'精装',7),(36,'非精装',7);

/*Table structure for table `specifications` */

DROP TABLE IF EXISTS `specifications`;

CREATE TABLE `specifications` (
  `sid` int(11) NOT NULL AUTO_INCREMENT,
  `specInfo` varchar(20) DEFAULT NULL,
  PRIMARY KEY (`sid`)
) ENGINE=InnoDB AUTO_INCREMENT=8 DEFAULT CHARSET=utf8;

/*Data for the table `specifications` */

insert  into `specifications`(`sid`,`specInfo`) values (4,'出版时间'),(5,'出版社'),(6,'作者'),(7,'是否精装');

/*Table structure for table `subcatalogs` */

DROP TABLE IF EXISTS `subcatalogs`;

CREATE TABLE `subcatalogs` (
  `scid` int(11) NOT NULL AUTO_INCREMENT,
  `scname` varchar(20) DEFAULT NULL,
  `subcata` varchar(255) DEFAULT NULL,
  `cid` int(11) DEFAULT NULL,
  PRIMARY KEY (`scid`)
) ENGINE=InnoDB AUTO_INCREMENT=211 DEFAULT CHARSET=utf8;

/*Data for the table `subcatalogs` */

insert  into `subcatalogs`(`scid`,`scname`,`subcata`,`cid`) values (203,'小说','中国当代小说,中国近代小说,中国古典小说',106),(204,'文学','文集,纪实文学,文学理论',108),(205,'传记','历史人物,法律人物,宗教人物,政治人物',108),(206,'历史','中国史,世界史,史学理论',109),(207,'文化','传统文化,文化评述',109),(209,'教材','小学,初中,高中,大学',105),(210,'外语','新概念,口语,听力',105);

/*!40101 SET SQL_MODE=@OLD_SQL_MODE */;
/*!40014 SET FOREIGN_KEY_CHECKS=@OLD_FOREIGN_KEY_CHECKS */;
/*!40014 SET UNIQUE_CHECKS=@OLD_UNIQUE_CHECKS */;
/*!40111 SET SQL_NOTES=@OLD_SQL_NOTES */;
